"scenario","method","metric","replications","mean","sd","se_mean","ci95_low","ci95_high","q025","median","q975"
"canonical","ordinary","cate_rmse",20,0.389466595217234,0.0213815493321833,0.0047810597771027,0.379459722098194,0.399473468336274,0.361323417735472,0.386159247445176,0.432890769273025
"canonical","ordinary","cate_correlation",20,0.837966330372192,0.0264302745845544,0.00590998906350486,0.825596581100986,0.850336079643397,0.79662655362227,0.845063399857405,0.872204470383803
"canonical","ordinary","cate_rank_correlation",20,0.665384959037331,0.0381217492228226,0.00852428226834312,0.647543431203123,0.68322648687154,0.595051137653701,0.672219999915578,0.732420942749079
"canonical","ordinary","representation_cate_correlation",20,1,0,0,1,1,1,1,1
"canonical","ordinary","representation_rank_correlation",20,1,0,0,1,1,1,1,1
"canonical","ordinary","assignment_switching",20,0,0,0,0,0,0,0,0
"canonical","ordinary","top_set_overlap",20,1,0,0,1,1,1,1,1
"canonical","ordinary","policy_value",20,0.279703925202586,0.00427667199013538,0.000956292928741203,0.27770238109967,0.281705469305502,0.272943739063715,0.279250527391599,0.286635871584955
"canonical","ordinary","policy_regret",20,0.00939517230916164,0.00434580673913884,0.000971751928579114,0.00736127214772789,0.0114290724705954,0.00266502924220156,0.0101931727664679,0.0165804122959003
"canonical","ordinary","policy_value_difference",20,0,0,0,0,0,0,0,0
"canonical","ordinary","regret_difference",20,0,0,0,0,0,0,0,0
"canonical","exact_deduplication","cate_rmse",20,0.389466595217234,0.0213815493321833,0.0047810597771027,0.379459722098194,0.399473468336274,0.361323417735472,0.386159247445176,0.432890769273025
"canonical","exact_deduplication","cate_correlation",20,0.837966330372192,0.0264302745845544,0.00590998906350486,0.825596581100986,0.850336079643397,0.79662655362227,0.845063399857405,0.872204470383803
"canonical","exact_deduplication","cate_rank_correlation",20,0.665384959037331,0.0381217492228226,0.00852428226834312,0.647543431203123,0.68322648687154,0.595051137653701,0.672219999915578,0.732420942749079
"canonical","exact_deduplication","representation_cate_correlation",20,1,0,0,1,1,1,1,1
"canonical","exact_deduplication","representation_rank_correlation",20,1,0,0,1,1,1,1,1
"canonical","exact_deduplication","assignment_switching",20,0,0,0,0,0,0,0,0
"canonical","exact_deduplication","top_set_overlap",20,1,0,0,1,1,1,1,1
"canonical","exact_deduplication","policy_value",20,0.279703925202586,0.00427667199013538,0.000956292928741203,0.27770238109967,0.281705469305502,0.272943739063715,0.279250527391599,0.286635871584955
"canonical","exact_deduplication","policy_regret",20,0.00939517230916164,0.00434580673913884,0.000971751928579114,0.00736127214772789,0.0114290724705954,0.00266502924220156,0.0101931727664679,0.0165804122959003
"canonical","exact_deduplication","policy_value_difference",20,0,0,0,0,0,0,0,0
"canonical","exact_deduplication","regret_difference",20,0,0,0,0,0,0,0,0
"canonical","dimension_adjusted_mtry","cate_rmse",20,0.389466595217234,0.0213815493321833,0.0047810597771027,0.379459722098194,0.399473468336274,0.361323417735472,0.386159247445176,0.432890769273025
"canonical","dimension_adjusted_mtry","cate_correlation",20,0.837966330372192,0.0264302745845544,0.00590998906350486,0.825596581100986,0.850336079643397,0.79662655362227,0.845063399857405,0.872204470383803
"canonical","dimension_adjusted_mtry","cate_rank_correlation",20,0.665384959037331,0.0381217492228226,0.00852428226834312,0.647543431203123,0.68322648687154,0.595051137653701,0.672219999915578,0.732420942749079
"canonical","dimension_adjusted_mtry","representation_cate_correlation",20,1,0,0,1,1,1,1,1
"canonical","dimension_adjusted_mtry","representation_rank_correlation",20,1,0,0,1,1,1,1,1
"canonical","dimension_adjusted_mtry","assignment_switching",20,0,0,0,0,0,0,0,0
"canonical","dimension_adjusted_mtry","top_set_overlap",20,1,0,0,1,1,1,1,1
"canonical","dimension_adjusted_mtry","policy_value",20,0.279703925202586,0.00427667199013538,0.000956292928741203,0.27770238109967,0.281705469305502,0.272943739063715,0.279250527391599,0.286635871584955
"canonical","dimension_adjusted_mtry","policy_regret",20,0.00939517230916164,0.00434580673913884,0.000971751928579114,0.00736127214772789,0.0114290724705954,0.00266502924220156,0.0101931727664679,0.0165804122959003
"canonical","dimension_adjusted_mtry","policy_value_difference",20,0,0,0,0,0,0,0,0
"canonical","dimension_adjusted_mtry","regret_difference",20,0,0,0,0,0,0,0,0
"canonical","class_sampled","cate_rmse",20,0.389606749322032,0.0218511721515237,0.00488607063188573,0.379380085957957,0.399833412686107,0.36152716581258,0.38592436618117,0.433810710631213
"canonical","class_sampled","cate_correlation",20,0.83776637610108,0.0256783193515458,0.00574184676180048,0.825748552711905,0.849784199490255,0.804143201169188,0.843039223588761,0.869143255375077
"canonical","class_sampled","cate_rank_correlation",20,0.665979296011425,0.0363819331367402,0.00813524756466032,0.648952027170024,0.683006564852826,0.606287588702864,0.663035842807151,0.729439674328155
"canonical","class_sampled","representation_cate_correlation",20,1,0,0,1,1,1,1,1
"canonical","class_sampled","representation_rank_correlation",20,1,0,0,1,1,1,1,1
"canonical","class_sampled","assignment_switching",20,0,0,0,0,0,0,0,0
"canonical","class_sampled","top_set_overlap",20,1,0,0,1,1,1,1,1
"canonical","class_sampled","policy_value",20,0.279562492573061,0.00433267717670501,0.000968816069167428,0.277534737235996,0.281590247910126,0.272653748765621,0.279262810925247,0.285956295467184
"canonical","class_sampled","policy_regret",20,0.00953660493868661,0.00438005515270223,0.000979410106664041,0.00748667602630817,0.0115865338510651,0.00328149103318214,0.0101706951403943,0.0165490189468038
"canonical","class_sampled","policy_value_difference",20,0,0,0,0,0,0,0,0
"canonical","class_sampled","regret_difference",20,0,0,0,0,0,0,0,0
"administrative_aliases","ordinary","cate_rmse",20,0.373053375785609,0.0201033994034837,0.00449525676450183,0.363644695246765,0.382462056324453,0.34651550403531,0.36690491747865,0.411261090191379
"administrative_aliases","ordinary","cate_correlation",20,0.82823059942363,0.0244427444660862,0.00546556381828256,0.816791042881061,0.839670155966199,0.796290203279419,0.833430038051732,0.860364495074362
"administrative_aliases","ordinary","cate_rank_correlation",20,0.65691074197296,0.0357224605212008,0.00798778500489576,0.640192115816271,0.673629368129649,0.5990605000319,0.654058402097176,0.717809166128388
"administrative_aliases","ordinary","representation_cate_correlation",20,0.993698763188192,0.00173263690376938,0.000387429389715309,0.992887864156134,0.994509662220251,0.989792183144912,0.994086317254813,0.996036402183149
"administrative_aliases","ordinary","representation_rank_correlation",20,0.968722456378447,0.0103775201099395,0.00232048404036958,0.963865627464083,0.973579285292811,0.948699166497932,0.970905474505673,0.981112889711259
"administrative_aliases","ordinary","assignment_switching",20,0.01044,0.00402787945021907,0.000900661225586432,0.00855489438997473,0.0123251056100253,0.00465333333333333,0.00933333333333333,0.0184116666666667
"administrative_aliases","ordinary","top_set_overlap",20,0.94930496796148,0.019008725103408,0.00425048014968271,0.940408610765409,0.958201325157551,0.912046943032336,0.954397860708887,0.977001746022596
"administrative_aliases","ordinary","policy_value",20,0.279610031305388,0.00476466774346825,0.00106541209645955,0.277380098159641,0.281839964451136,0.271480135209119,0.279208334783727,0.286086036010501
"administrative_aliases","ordinary","policy_regret",20,0.00948906620635972,0.00479656331525808,0.00107254416312988,0.00724420547351365,0.0117339269392058,0.00298842353120784,0.00994694059710288,0.017722632503306
"administrative_aliases","ordinary","policy_value_difference",20,-9.38938971980745e-05,0.00171691382679325,0.000383913602821902,-0.000897434302718873,0.000709646508322724,-0.00263890165966332,-0.00012117165855563,0.00295700524035746
"administrative_aliases","ordinary","regret_difference",20,9.38938971980745e-05,0.00171691382679325,0.000383913602821902,-0.000709646508322724,0.000897434302718873,-0.00295700524035747,0.00012117165855563,0.00263890165966332
"administrative_aliases","exact_deduplication","cate_rmse",20,0.389466595217234,0.0213815493321833,0.0047810597771027,0.379459722098194,0.399473468336274,0.361323417735472,0.386159247445176,0.432890769273025
"administrative_aliases","exact_deduplication","cate_correlation",20,0.837966330372192,0.0264302745845544,0.00590998906350486,0.825596581100986,0.850336079643397,0.79662655362227,0.845063399857405,0.872204470383803
"administrative_aliases","exact_deduplication","cate_rank_correlation",20,0.665384959037331,0.0381217492228226,0.00852428226834312,0.647543431203123,0.68322648687154,0.595051137653701,0.672219999915578,0.732420942749079
"administrative_aliases","exact_deduplication","representation_cate_correlation",20,1,9.53009976799537e-17,2.13099509135926e-17,1,1,1,1,1
"administrative_aliases","exact_deduplication","representation_rank_correlation",20,1,0,0,1,1,1,1,1
"administrative_aliases","exact_deduplication","assignment_switching",20,0,0,0,0,0,0,0,0
"administrative_aliases","exact_deduplication","top_set_overlap",20,1,0,0,1,1,1,1,1
"administrative_aliases","exact_deduplication","policy_value",20,0.279703925202586,0.00427667199013538,0.000956292928741203,0.27770238109967,0.281705469305502,0.272943739063715,0.279250527391599,0.286635871584955
"administrative_aliases","exact_deduplication","policy_regret",20,0.00939517230916164,0.00434580673913884,0.000971751928579114,0.00736127214772789,0.0114290724705954,0.00266502924220156,0.0101931727664679,0.0165804122959003
"administrative_aliases","exact_deduplication","policy_value_difference",20,0,0,0,0,0,0,0,0
"administrative_aliases","exact_deduplication","regret_difference",20,0,0,0,0,0,0,0,0
"administrative_aliases","dimension_adjusted_mtry","cate_rmse",20,0.36177055880694,0.0216160311979456,0.00483349151623626,0.351653944796679,0.371887172817201,0.33020410128737,0.35548937661497,0.401190832762292
"administrative_aliases","dimension_adjusted_mtry","cate_correlation",20,0.836827182715094,0.0249902723591941,0.00558799477713921,0.825131375230634,0.848522990199555,0.800842622185533,0.840303109624695,0.868480766861723
"administrative_aliases","dimension_adjusted_mtry","cate_rank_correlation",20,0.660505794233021,0.0364507422712847,0.00815063375489176,0.64344632172536,0.677565266740682,0.598253055398403,0.65933206237148,0.724288076233431
"administrative_aliases","dimension_adjusted_mtry","representation_cate_correlation",20,0.993522193645534,0.00197912381509044,0.000442545538643096,0.992595935187983,0.994448452103085,0.988612382856183,0.994014701959914,0.995613707174114
"administrative_aliases","dimension_adjusted_mtry","representation_rank_correlation",20,0.968331587420057,0.0107899936079132,0.00241271591840821,0.963281714966375,0.97338145987374,0.948674453466138,0.971647674407609,0.98088662089583
"administrative_aliases","dimension_adjusted_mtry","assignment_switching",20,0.0117266666666667,0.00531091340256934,0.00118755633907597,0.00924108268301558,0.0142122506503178,0.00503166666666667,0.00976666666666667,0.0224916666666667
"administrative_aliases","dimension_adjusted_mtry","top_set_overlap",20,0.943341050192119,0.0248433344560064,0.0055551384631393,0.9317140117632,0.954968088621039,0.893542878687281,0.952330607566619,0.975154219393851
"administrative_aliases","dimension_adjusted_mtry","policy_value",20,0.280783197504055,0.00426211966377269,0.000953038929643427,0.278788464099524,0.282777930908586,0.273941358694508,0.281152682722739,0.286225298643816
"administrative_aliases","dimension_adjusted_mtry","policy_regret",20,0.00831590000769278,0.00424131929569342,0.000948387825945201,0.00633090147508148,0.0103008985403041,0.00275650506709332,0.00838374259879415,0.0154007148092143
"administrative_aliases","dimension_adjusted_mtry","policy_value_difference",20,0.00107927230146886,0.0021401331377529,0.000478548317691541,7.7659161343837e-05,0.00208088544159389,-0.00252608790751531,0.000899374363773936,0.00535636352895803
"administrative_aliases","dimension_adjusted_mtry","regret_difference",20,-0.00107927230146886,0.0021401331377529,0.000478548317691541,-0.00208088544159389,-7.7659161343837e-05,-0.00535636352895803,-0.000899374363773936,0.00252608790751531
"administrative_aliases","class_sampled","cate_rmse",20,0.389606749322032,0.0218511721515237,0.00488607063188573,0.379380085957957,0.399833412686107,0.36152716581258,0.38592436618117,0.433810710631213
"administrative_aliases","class_sampled","cate_correlation",20,0.83776637610108,0.0256783193515458,0.00574184676180048,0.825748552711905,0.849784199490255,0.804143201169188,0.843039223588761,0.869143255375077
"administrative_aliases","class_sampled","cate_rank_correlation",20,0.665979296011425,0.0363819331367402,0.00813524756466032,0.648952027170024,0.683006564852826,0.606287588702864,0.663035842807151,0.729439674328155
"administrative_aliases","class_sampled","representation_cate_correlation",20,1,1.0188105198175e-16,2.27812957850383e-17,1,1,1,1,1
"administrative_aliases","class_sampled","representation_rank_correlation",20,1,0,0,1,1,1,1,1
"administrative_aliases","class_sampled","assignment_switching",20,0,0,0,0,0,0,0,0
"administrative_aliases","class_sampled","top_set_overlap",20,1,0,0,1,1,1,1,1
"administrative_aliases","class_sampled","policy_value",20,0.279562492573061,0.00433267717670501,0.000968816069167428,0.277534737235996,0.281590247910126,0.272653748765621,0.279262810925247,0.285956295467184
"administrative_aliases","class_sampled","policy_regret",20,0.00953660493868661,0.00438005515270223,0.000979410106664041,0.00748667602630817,0.0115865338510651,0.00328149103318214,0.0101706951403943,0.0165490189468038
"administrative_aliases","class_sampled","policy_value_difference",20,0,0,0,0,0,0,0,0
"administrative_aliases","class_sampled","regret_difference",20,0,0,0,0,0,0,0,0
"unit_recodings","ordinary","cate_rmse",20,0.397243358747706,0.0213709219371879,0.00477868341933937,0.387241459402626,0.407245258092785,0.368848318991495,0.393423755131442,0.439956264117852
"unit_recodings","ordinary","cate_correlation",20,0.839424450126555,0.0254701434458116,0.00569529721415054,0.827504056060334,0.851344844192777,0.804846669014968,0.846080818244866,0.875325167022952
"unit_recodings","ordinary","cate_rank_correlation",20,0.657939957669748,0.0314360614894783,0.00702931704353367,0.64322742801157,0.672652487327926,0.607282883750859,0.654233845611149,0.711225327490361
"unit_recodings","ordinary","representation_cate_correlation",20,0.990237029432858,0.00348659823072131,0.000779627065412334,0.988605251231483,0.991868807634234,0.982834208252854,0.990557864489786,0.995090727360217
"unit_recodings","ordinary","representation_rank_correlation",20,0.968107569129231,0.00836430035618526,0.00187031441806559,0.964192956062913,0.972022182195549,0.951843490859282,0.969377214979752,0.978468808175454
"unit_recodings","ordinary","assignment_switching",20,0.0157666666666667,0.0052714169117335,0.00117872465523781,0.0132995676097298,0.0182337657236035,0.00911166666666667,0.0148333333333333,0.0263816666666667
"unit_recodings","ordinary","top_set_overlap",20,0.924446632855629,0.0241182309190588,0.00539300038320526,0.913158953328147,0.935734312383111,0.876443836274082,0.928486344059423,0.955470431977969
"unit_recodings","ordinary","policy_value",20,0.278631002059425,0.00485489019667329,0.00108558645030588,0.276358843505795,0.280903160613055,0.269379033315569,0.279261037662979,0.285994744370135
"unit_recodings","ordinary","policy_regret",20,0.0104680954523227,0.00494946268844929,0.00110673350234715,0.0081516756100906,0.0127845152945549,0.00324822801289673,0.00984799098610645,0.0201451180440468
"unit_recodings","ordinary","policy_value_difference",20,-0.00107292314316109,0.00166487749771572,0.00037227792591021,-0.00185210979701639,-0.000293736489305784,-0.00356736200503358,-0.000951209029527417,0.00173308404318818
"unit_recodings","ordinary","regret_difference",20,0.00107292314316109,0.00166487749771572,0.00037227792591021,0.000293736489305784,0.00185210979701639,-0.00173308404318818,0.000951209029527417,0.00356736200503358
"unit_recodings","exact_deduplication","cate_rmse",20,0.397243358747706,0.0213709219371879,0.00477868341933937,0.387241459402626,0.407245258092785,0.368848318991495,0.393423755131442,0.439956264117852
"unit_recodings","exact_deduplication","cate_correlation",20,0.839424450126555,0.0254701434458116,0.00569529721415054,0.827504056060334,0.851344844192777,0.804846669014968,0.846080818244866,0.875325167022952
"unit_recodings","exact_deduplication","cate_rank_correlation",20,0.657939957669748,0.0314360614894783,0.00702931704353367,0.64322742801157,0.672652487327926,0.607282883750859,0.654233845611149,0.711225327490361
"unit_recodings","exact_deduplication","representation_cate_correlation",20,0.990237029432858,0.00348659823072131,0.000779627065412334,0.988605251231483,0.991868807634234,0.982834208252854,0.990557864489786,0.995090727360217
"unit_recodings","exact_deduplication","representation_rank_correlation",20,0.968107569129231,0.00836430035618526,0.00187031441806559,0.964192956062913,0.972022182195549,0.951843490859282,0.969377214979752,0.978468808175454
"unit_recodings","exact_deduplication","assignment_switching",20,0.0157666666666667,0.0052714169117335,0.00117872465523781,0.0132995676097298,0.0182337657236035,0.00911166666666667,0.0148333333333333,0.0263816666666667
"unit_recodings","exact_deduplication","top_set_overlap",20,0.924446632855629,0.0241182309190588,0.00539300038320526,0.913158953328147,0.935734312383111,0.876443836274082,0.928486344059423,0.955470431977969
"unit_recodings","exact_deduplication","policy_value",20,0.278631002059425,0.00485489019667329,0.00108558645030588,0.276358843505795,0.280903160613055,0.269379033315569,0.279261037662979,0.285994744370135
"unit_recodings","exact_deduplication","policy_regret",20,0.0104680954523227,0.00494946268844929,0.00110673350234715,0.0081516756100906,0.0127845152945549,0.00324822801289673,0.00984799098610645,0.0201451180440468
"unit_recodings","exact_deduplication","policy_value_difference",20,-0.00107292314316109,0.00166487749771572,0.00037227792591021,-0.00185210979701639,-0.000293736489305784,-0.00356736200503358,-0.000951209029527417,0.00173308404318818
"unit_recodings","exact_deduplication","regret_difference",20,0.00107292314316109,0.00166487749771572,0.00037227792591021,0.000293736489305784,0.00185210979701639,-0.00173308404318818,0.000951209029527417,0.00356736200503358
"unit_recodings","dimension_adjusted_mtry","cate_rmse",20,0.38287216512294,0.0234529971645439,0.00524424959360299,0.371895824576207,0.393848505669672,0.351219864263924,0.37959263650253,0.427386281802373
"unit_recodings","dimension_adjusted_mtry","cate_correlation",20,0.846694850227508,0.0265205613188893,0.0059301777910488,0.834282845463925,0.859106854991091,0.810136928271634,0.85243246075891,0.884535559977478
"unit_recodings","dimension_adjusted_mtry","cate_rank_correlation",20,0.661386631874122,0.0316566682533609,0.00707864621556746,0.646570855072293,0.676202408675951,0.609729534031122,0.662400188113333,0.720203898574449
"unit_recodings","dimension_adjusted_mtry","representation_cate_correlation",20,0.992116767339148,0.00243387815615257,0.000544231700610899,0.990977677298598,0.993255857379698,0.986670399326336,0.992481616256432,0.995534124656563
"unit_recodings","dimension_adjusted_mtry","representation_rank_correlation",20,0.969440473512089,0.00859299165958124,0.00192145134809124,0.965418829621159,0.97346211740302,0.951139760177844,0.971393371661993,0.980106353436963
"unit_recodings","dimension_adjusted_mtry","assignment_switching",20,0.0122566666666667,0.0042670654967104,0.000954144851508836,0.0102596185410688,0.0142537147922645,0.00604666666666667,0.0124333333333333,0.0209966666666667
"unit_recodings","dimension_adjusted_mtry","top_set_overlap",20,0.940734786085764,0.0199476450711963,0.00446042903702335,0.931399000818293,0.950070571353235,0.900324918559583,0.939707541495548,0.970218795051084
"unit_recodings","dimension_adjusted_mtry","policy_value",20,0.279916736252029,0.00420178371876544,0.000939547402191138,0.277950240938986,0.281883231565071,0.27255532777202,0.280056495700928,0.286680342899291
"unit_recodings","dimension_adjusted_mtry","policy_regret",20,0.00918236125971932,0.00427290071647083,0.000955449646313632,0.00718258216720898,0.0111821403522297,0.00265168062321346,0.00872232787422053,0.0169641923611539
"unit_recodings","dimension_adjusted_mtry","policy_value_difference",20,0.000212811049442327,0.00120202318479734,0.000268780555173765,-0.000349753117893583,0.000775375216778237,-0.00124818007003157,0.000159519016819681,0.00288930925613077
"unit_recodings","dimension_adjusted_mtry","regret_difference",20,-0.000212811049442327,0.00120202318479734,0.000268780555173765,-0.000775375216778237,0.000349753117893583,-0.00288930925613077,-0.000159519016819681,0.00124818007003157
"unit_recodings","class_sampled","cate_rmse",20,0.389606749322032,0.0218511721515237,0.00488607063188573,0.379380085957957,0.399833412686107,0.36152716581258,0.38592436618117,0.433810710631213
"unit_recodings","class_sampled","cate_correlation",20,0.83776637610108,0.0256783193515458,0.00574184676180048,0.825748552711905,0.849784199490255,0.804143201169188,0.843039223588761,0.869143255375077
"unit_recodings","class_sampled","cate_rank_correlation",20,0.665979296011425,0.0363819331367402,0.00813524756466032,0.648952027170024,0.683006564852826,0.606287588702864,0.663035842807151,0.729439674328155
"unit_recodings","class_sampled","representation_cate_correlation",20,1,1.0188105198175e-16,2.27812957850383e-17,1,1,1,1,1
"unit_recodings","class_sampled","representation_rank_correlation",20,1,0,0,1,1,1,1,1
"unit_recodings","class_sampled","assignment_switching",20,0,0,0,0,0,0,0,0
"unit_recodings","class_sampled","top_set_overlap",20,1,0,0,1,1,1,1,1
"unit_recodings","class_sampled","policy_value",20,0.279562492573061,0.00433267717670501,0.000968816069167428,0.277534737235996,0.281590247910126,0.272653748765621,0.279262810925247,0.285956295467184
"unit_recodings","class_sampled","policy_regret",20,0.00953660493868661,0.00438005515270223,0.000979410106664041,0.00748667602630817,0.0115865338510651,0.00328149103318214,0.0101706951403943,0.0165490189468038
"unit_recodings","class_sampled","policy_value_difference",20,0,0,0,0,0,0,0,0
"unit_recodings","class_sampled","regret_difference",20,0,0,0,0,0,0,0,0
"complements","ordinary","cate_rmse",20,0.385830594005174,0.0239899927747337,0.00536432546240334,0.374602931776689,0.397058256233659,0.352099942817705,0.38188826727848,0.432082901792148
"complements","ordinary","cate_correlation",20,0.858405485449691,0.0237944862206589,0.00532060886790754,0.847269323105062,0.86954164779432,0.824172937105566,0.860080655584073,0.891476257254612
"complements","ordinary","cate_rank_correlation",20,0.669254889488098,0.033962703580672,0.00759429139060581,0.653359854931374,0.685149924044822,0.608012108487102,0.67006713749163,0.729485974258373
"complements","ordinary","representation_cate_correlation",20,0.991625248125512,0.0015664216206999,0.000350262522531037,0.990892140240497,0.992358356010527,0.988791057709563,0.991737983661077,0.994599944573384
"complements","ordinary","representation_rank_correlation",20,0.968481229893001,0.00914583643418344,0.00204507119779285,0.964200846683043,0.97276161310296,0.951927289603786,0.970279911569644,0.979906541138485
"complements","ordinary","assignment_switching",20,0.01095,0.00426336906559515,0.000953318304384052,0.00895468185741644,0.0129453181425836,0.00499333333333333,0.0105333333333333,0.01948
"complements","ordinary","top_set_overlap",20,0.946906665277131,0.0200730892414825,0.00448847920623746,0.937512170330764,0.956301160223497,0.907150792125703,0.948684689257496,0.97534137144041
"complements","ordinary","policy_value",20,0.28207669280198,0.00358566811661495,0.000801779765350467,0.280398548466764,0.283754837137197,0.275220059862102,0.281555680700911,0.286918798130218
"complements","ordinary","policy_regret",20,0.00702240470976772,0.00358734261698766,0.000802154195016641,0.00534347668425336,0.00870133273528208,0.00238220744156376,0.00724566962025469,0.0139827078503229
"complements","ordinary","policy_value_difference",20,0.00237276759939392,0.00195261277833793,0.000436617490609834,0.00145891668897215,0.0032866185098157,0.00011470331749788,0.00184300348628547,0.00637172352992268
"complements","ordinary","regret_difference",20,-0.00237276759939392,0.00195261277833793,0.000436617490609834,-0.0032866185098157,-0.00145891668897215,-0.00637172352992268,-0.00184300348628547,-0.00011470331749788
"complements","exact_deduplication","cate_rmse",20,0.385830594005174,0.0239899927747337,0.00536432546240334,0.374602931776689,0.397058256233659,0.352099942817705,0.38188826727848,0.432082901792148
"complements","exact_deduplication","cate_correlation",20,0.858405485449691,0.0237944862206589,0.00532060886790754,0.847269323105062,0.86954164779432,0.824172937105566,0.860080655584073,0.891476257254612
"complements","exact_deduplication","cate_rank_correlation",20,0.669254889488098,0.033962703580672,0.00759429139060581,0.653359854931374,0.685149924044822,0.608012108487102,0.67006713749163,0.729485974258373
"complements","exact_deduplication","representation_cate_correlation",20,0.991625248125512,0.0015664216206999,0.000350262522531037,0.990892140240497,0.992358356010527,0.988791057709563,0.991737983661077,0.994599944573384
"complements","exact_deduplication","representation_rank_correlation",20,0.968481229893001,0.00914583643418344,0.00204507119779285,0.964200846683043,0.97276161310296,0.951927289603786,0.970279911569644,0.979906541138485
"complements","exact_deduplication","assignment_switching",20,0.01095,0.00426336906559515,0.000953318304384052,0.00895468185741644,0.0129453181425836,0.00499333333333333,0.0105333333333333,0.01948
"complements","exact_deduplication","top_set_overlap",20,0.946906665277131,0.0200730892414825,0.00448847920623746,0.937512170330764,0.956301160223497,0.907150792125703,0.948684689257496,0.97534137144041
"complements","exact_deduplication","policy_value",20,0.28207669280198,0.00358566811661495,0.000801779765350467,0.280398548466764,0.283754837137197,0.275220059862102,0.281555680700911,0.286918798130218
"complements","exact_deduplication","policy_regret",20,0.00702240470976772,0.00358734261698766,0.000802154195016641,0.00534347668425336,0.00870133273528208,0.00238220744156376,0.00724566962025469,0.0139827078503229
"complements","exact_deduplication","policy_value_difference",20,0.00237276759939392,0.00195261277833793,0.000436617490609834,0.00145891668897215,0.0032866185098157,0.00011470331749788,0.00184300348628547,0.00637172352992268
"complements","exact_deduplication","regret_difference",20,-0.00237276759939392,0.00195261277833793,0.000436617490609834,-0.0032866185098157,-0.00145891668897215,-0.00637172352992268,-0.00184300348628547,-0.00011470331749788
"complements","dimension_adjusted_mtry","cate_rmse",20,0.370539264502021,0.0238709439858147,0.00533770534393715,0.359367318821816,0.381711210182225,0.337578702432107,0.36881800392263,0.417616315563302
"complements","dimension_adjusted_mtry","cate_correlation",20,0.863328448905931,0.0240103978013977,0.00536888816507367,0.852091236831004,0.874565660980858,0.82812791099561,0.866181410959592,0.893552797469297
"complements","dimension_adjusted_mtry","cate_rank_correlation",20,0.672278757425858,0.0340976848976297,0.0076244741306468,0.6563205496682,0.688236965183515,0.614878329570909,0.669184482421316,0.734080973055568
"complements","dimension_adjusted_mtry","representation_cate_correlation",20,0.990652522749444,0.00195464453945503,0.000437071806207021,0.98973772094555,0.99156732455334,0.987097125137936,0.990672623921231,0.993954653060497
"complements","dimension_adjusted_mtry","representation_rank_correlation",20,0.968109186019344,0.00857763977197645,0.00191801856166451,0.964094727032978,0.972123645005709,0.952001758508835,0.969813266895792,0.979268794038443
"complements","dimension_adjusted_mtry","assignment_switching",20,0.0120033333333333,0.00484653249168748,0.00108371761065746,0.00973508630604136,0.0142715803606253,0.00577666666666667,0.0107,0.0213383333333333
"complements","dimension_adjusted_mtry","top_set_overlap",20,0.941985248043157,0.0226754931081411,0.00507039440131314,0.931372790595871,0.952597705490442,0.898717917000493,0.947893955268159,0.971530452731764
"complements","dimension_adjusted_mtry","policy_value",20,0.282519392663803,0.00345552493979707,0.000772678866333212,0.280902157210235,0.284136628117372,0.27630210922387,0.282739734245682,0.287496951931265
"complements","dimension_adjusted_mtry","policy_regret",20,0.00657970484794466,0.00343054590557076,0.00076709338447898,0.00497415994225267,0.00818524975363664,0.00176855189788055,0.00674309732228273,0.0129006584885547
"complements","dimension_adjusted_mtry","policy_value_difference",20,0.00281546746121699,0.00209428055065011,0.000468295367520933,0.00183531399242769,0.00379562093000628,0.000260130539538492,0.00221252647383571,0.00691698480066955
"complements","dimension_adjusted_mtry","regret_difference",20,-0.00281546746121699,0.00209428055065011,0.000468295367520933,-0.00379562093000628,-0.00183531399242769,-0.00691698480066955,-0.00221252647383571,-0.000260130539538492
"complements","class_sampled","cate_rmse",20,0.389606749322032,0.0218511721515237,0.00488607063188573,0.379380085957957,0.399833412686107,0.36152716581258,0.38592436618117,0.433810710631213
"complements","class_sampled","cate_correlation",20,0.83776637610108,0.0256783193515458,0.00574184676180048,0.825748552711905,0.849784199490255,0.804143201169188,0.843039223588761,0.869143255375077
"complements","class_sampled","cate_rank_correlation",20,0.665979296011425,0.0363819331367402,0.00813524756466032,0.648952027170024,0.683006564852826,0.606287588702864,0.663035842807151,0.729439674328155
"complements","class_sampled","representation_cate_correlation",20,1,1.0188105198175e-16,2.27812957850383e-17,1,1,1,1,1
"complements","class_sampled","representation_rank_correlation",20,1,0,0,1,1,1,1,1
"complements","class_sampled","assignment_switching",20,0,0,0,0,0,0,0,0
"complements","class_sampled","top_set_overlap",20,1,0,0,1,1,1,1,1
"complements","class_sampled","policy_value",20,0.279562492573061,0.00433267717670501,0.000968816069167428,0.277534737235996,0.281590247910126,0.272653748765621,0.279262810925247,0.285956295467184
"complements","class_sampled","policy_regret",20,0.00953660493868661,0.00438005515270223,0.000979410106664041,0.00748667602630817,0.0115865338510651,0.00328149103318214,0.0101706951403943,0.0165490189468038
"complements","class_sampled","policy_value_difference",20,0,0,0,0,0,0,0,0
"complements","class_sampled","regret_difference",20,0,0,0,0,0,0,0,0
"raw_log_rank","ordinary","cate_rmse",20,0.313722950278291,0.0268390606591264,0.0060013964086047,0.301161883235042,0.32628401732154,0.274687028529997,0.30875456109717,0.364417985966833
"raw_log_rank","ordinary","cate_correlation",20,0.88762542781499,0.0201686673508335,0.00450985112120442,0.878186200936509,0.897064654693471,0.85920022883709,0.893263482935798,0.918817727288931
"raw_log_rank","ordinary","cate_rank_correlation",20,0.674678282380568,0.0281954881785431,0.0063047028226014,0.661482387716968,0.687874177044169,0.63207818936742,0.674379680271533,0.729891172127768
"raw_log_rank","ordinary","representation_cate_correlation",20,0.982799039594886,0.00386679270791195,0.00086464113497916,0.980989324900944,0.984608754288828,0.974811282339483,0.983605430873902,0.98843050526915
"raw_log_rank","ordinary","representation_rank_correlation",20,0.958918366374509,0.0121850836416534,0.00272466753342576,0.953215571686784,0.964621161062235,0.931996894097641,0.958976860182419,0.974596782529196
"raw_log_rank","ordinary","assignment_switching",20,0.0141766666666667,0.00612792572443649,0.00137024584809096,0.0113087091461592,0.0170446241871742,0.00674166666666667,0.0126,0.0269833333333333
"raw_log_rank","ordinary","top_set_overlap",20,0.931939582227391,0.0282253595112883,0.00631138225566109,0.918729707349727,0.945149457105056,0.873619684050064,0.938923947856762,0.966853340337334
"raw_log_rank","ordinary","policy_value",20,0.283668861046413,0.00339682198246722,0.000759552486026229,0.282079099422574,0.285258622670251,0.277148585214993,0.284783194243957,0.287922833186252
"raw_log_rank","ordinary","policy_regret",20,0.00543023646533528,0.00332328534904021,0.000743109194908303,0.00387489104534021,0.00698558188533035,0.00151783111738558,0.00477004726987323,0.0120541824974322
"raw_log_rank","ordinary","policy_value_difference",20,0.00396493584382636,0.00295784031507742,0.000661393201110252,0.00258062396448049,0.00534924772317223,0.000650336360379282,0.0029274416313351,0.0102659599068009
"raw_log_rank","ordinary","regret_difference",20,-0.00396493584382636,0.00295784031507742,0.000661393201110252,-0.00534924772317223,-0.00258062396448049,-0.0102659599068009,-0.0029274416313351,-0.000650336360379283
"raw_log_rank","exact_deduplication","cate_rmse",20,0.313722950278291,0.0268390606591264,0.0060013964086047,0.301161883235042,0.32628401732154,0.274687028529997,0.30875456109717,0.364417985966833
"raw_log_rank","exact_deduplication","cate_correlation",20,0.88762542781499,0.0201686673508335,0.00450985112120442,0.878186200936509,0.897064654693471,0.85920022883709,0.893263482935798,0.918817727288931
"raw_log_rank","exact_deduplication","cate_rank_correlation",20,0.674678282380568,0.0281954881785431,0.0063047028226014,0.661482387716968,0.687874177044169,0.63207818936742,0.674379680271533,0.729891172127768
"raw_log_rank","exact_deduplication","representation_cate_correlation",20,0.982799039594886,0.00386679270791195,0.00086464113497916,0.980989324900944,0.984608754288828,0.974811282339483,0.983605430873902,0.98843050526915
"raw_log_rank","exact_deduplication","representation_rank_correlation",20,0.958918366374509,0.0121850836416534,0.00272466753342576,0.953215571686784,0.964621161062235,0.931996894097641,0.958976860182419,0.974596782529196
"raw_log_rank","exact_deduplication","assignment_switching",20,0.0141766666666667,0.00612792572443649,0.00137024584809096,0.0113087091461592,0.0170446241871742,0.00674166666666667,0.0126,0.0269833333333333
"raw_log_rank","exact_deduplication","top_set_overlap",20,0.931939582227391,0.0282253595112883,0.00631138225566109,0.918729707349727,0.945149457105056,0.873619684050064,0.938923947856762,0.966853340337334
"raw_log_rank","exact_deduplication","policy_value",20,0.283668861046413,0.00339682198246722,0.000759552486026229,0.282079099422574,0.285258622670251,0.277148585214993,0.284783194243957,0.287922833186252
"raw_log_rank","exact_deduplication","policy_regret",20,0.00543023646533528,0.00332328534904021,0.000743109194908303,0.00387489104534021,0.00698558188533035,0.00151783111738558,0.00477004726987323,0.0120541824974322
"raw_log_rank","exact_deduplication","policy_value_difference",20,0.00396493584382636,0.00295784031507742,0.000661393201110252,0.00258062396448049,0.00534924772317223,0.000650336360379282,0.0029274416313351,0.0102659599068009
"raw_log_rank","exact_deduplication","regret_difference",20,-0.00396493584382636,0.00295784031507742,0.000661393201110252,-0.00534924772317223,-0.00258062396448049,-0.0102659599068009,-0.0029274416313351,-0.000650336360379283
"raw_log_rank","dimension_adjusted_mtry","cate_rmse",20,0.303040820916332,0.0266863254539075,0.00596724377846202,0.290551236149493,0.315530405683171,0.261576479214568,0.297894332769164,0.351224025635615
"raw_log_rank","dimension_adjusted_mtry","cate_correlation",20,0.890319540029915,0.0186435963817406,0.00416883488546412,0.881594068335782,0.899045011724048,0.866766126542047,0.890160197171715,0.921160323517912
"raw_log_rank","dimension_adjusted_mtry","cate_rank_correlation",20,0.679246354441855,0.0298967328947831,0.0066851127057889,0.665254252742208,0.693238456141502,0.630152716319014,0.677460442065845,0.733670696398756
"raw_log_rank","dimension_adjusted_mtry","representation_cate_correlation",20,0.97901952016135,0.00407132820308086,0.000910376662080086,0.977114079909044,0.980924960413655,0.971599701291137,0.979001361752982,0.985026407700798
"raw_log_rank","dimension_adjusted_mtry","representation_rank_correlation",20,0.955656611778574,0.0133613996473113,0.00298769978859298,0.949403284253698,0.96190993930345,0.927659444356533,0.955559471547955,0.973855760961429
"raw_log_rank","dimension_adjusted_mtry","assignment_switching",20,0.0162033333333333,0.00743991055093057,0.00166361457383987,0.0127213480130223,0.0196853186536444,0.00646666666666667,0.0134,0.0306983333333333
"raw_log_rank","dimension_adjusted_mtry","top_set_overlap",20,0.922714691877081,0.0339990035264547,0.00760240830524077,0.906802668422778,0.938626715331383,0.857465447374652,0.935172551715583,0.968181072658685
"raw_log_rank","dimension_adjusted_mtry","policy_value",20,0.283833333243372,0.00345697862279598,0.000773003919733541,0.282215417445218,0.285451249041526,0.276607344886073,0.285066604983946,0.287663197371823
"raw_log_rank","dimension_adjusted_mtry","policy_regret",20,0.00526576426837566,0.00338342079236987,0.000756555888822523,0.00368227459456586,0.00684925394218546,0.00163964961995578,0.00444435265142257,0.0125954228263517
"raw_log_rank","dimension_adjusted_mtry","policy_value_difference",20,0.00412940804078599,0.00320448888918245,0.000716545498935474,0.00262966107543604,0.00562915500613594,0.00057647436081307,0.00315686268066939,0.0108666134892874
"raw_log_rank","dimension_adjusted_mtry","regret_difference",20,-0.00412940804078599,0.00320448888918245,0.000716545498935474,-0.00562915500613594,-0.00262966107543604,-0.0108666134892874,-0.00315686268066939,-0.000576474360813071
"raw_log_rank","class_sampled","cate_rmse",20,0.389606749322032,0.0218511721515237,0.00488607063188573,0.379380085957957,0.399833412686107,0.36152716581258,0.38592436618117,0.433810710631213
"raw_log_rank","class_sampled","cate_correlation",20,0.83776637610108,0.0256783193515458,0.00574184676180048,0.825748552711905,0.849784199490255,0.804143201169188,0.843039223588761,0.869143255375077
"raw_log_rank","class_sampled","cate_rank_correlation",20,0.665979296011425,0.0363819331367402,0.00813524756466032,0.648952027170024,0.683006564852826,0.606287588702864,0.663035842807151,0.729439674328155
"raw_log_rank","class_sampled","representation_cate_correlation",20,1,1.0188105198175e-16,2.27812957850383e-17,1,1,1,1,1
"raw_log_rank","class_sampled","representation_rank_correlation",20,1,0,0,1,1,1,1,1
"raw_log_rank","class_sampled","assignment_switching",20,0,0,0,0,0,0,0,0
"raw_log_rank","class_sampled","top_set_overlap",20,1,0,0,1,1,1,1,1
"raw_log_rank","class_sampled","policy_value",20,0.279562492573061,0.00433267717670501,0.000968816069167428,0.277534737235996,0.281590247910126,0.272653748765621,0.279262810925247,0.285956295467184
"raw_log_rank","class_sampled","policy_regret",20,0.00953660493868661,0.00438005515270223,0.000979410106664041,0.00748667602630817,0.0115865338510651,0.00328149103318214,0.0101706951403943,0.0165490189468038
"raw_log_rank","class_sampled","policy_value_difference",20,0,0,0,0,0,0,0,0
"raw_log_rank","class_sampled","regret_difference",20,0,0,0,0,0,0,0,0
"routine_bundle","ordinary","cate_rmse",20,0.313623522185821,0.0268578926340812,0.00600560736621965,0.301053641506991,0.32619340286465,0.274674053023377,0.308919335592835,0.36334857185371
"routine_bundle","ordinary","cate_correlation",20,0.887153112855994,0.0201883812902206,0.00451425929206181,0.877704659569872,0.896601566142116,0.861502656360808,0.890824687832426,0.917519960418327
"routine_bundle","ordinary","cate_rank_correlation",20,0.664617989236135,0.0237503805460337,0.005310746539242,0.653502468982635,0.675733509489634,0.62975390043376,0.664653566085615,0.706420857278145
"routine_bundle","ordinary","representation_cate_correlation",20,0.982612924990192,0.00342004782635265,0.000764745942602493,0.981012293336814,0.98421355664357,0.97696085465634,0.982098043360886,0.987558141521238
"routine_bundle","ordinary","representation_rank_correlation",20,0.95668851366881,0.0122501578418129,0.00273921856693957,0.950955263317923,0.962421764019696,0.931791426347468,0.95914665501683,0.971434463725027
"routine_bundle","ordinary","assignment_switching",20,0.0144433333333333,0.00652779124049875,0.00145965849566829,0.0113882329906782,0.0174984336759885,0.00607166666666667,0.0125,0.0272233333333333
"routine_bundle","ordinary","top_set_overlap",20,0.93074959568203,0.0300452273832209,0.00671831708283201,0.91668799642252,0.944811194941539,0.872559127367448,0.939396788829075,0.970099417080118
"routine_bundle","ordinary","policy_value",20,0.283779499551738,0.00322502422754885,0.000721137340188298,0.282270141752192,0.285288857351284,0.277128460929809,0.284506971671929,0.287667151413384
"routine_bundle","ordinary","policy_regret",20,0.00531959796001013,0.00317685329254356,0.000710365991667143,0.00383278485201719,0.00680641106800307,0.00178705709929441,0.00496032534601887,0.0120743067826159
"routine_bundle","ordinary","policy_value_difference",20,0.00407557434915151,0.00291442910617071,0.000651686159700166,0.00271157954097409,0.00543956915732894,0.000700579237354429,0.0035764175424963,0.0102651498555488
"routine_bundle","ordinary","regret_difference",20,-0.00407557434915151,0.00291442910617071,0.000651686159700166,-0.00543956915732894,-0.00271157954097409,-0.0102651498555488,-0.0035764175424963,-0.00070057923735443
"routine_bundle","exact_deduplication","cate_rmse",20,0.316471896759595,0.0275059105827397,0.00615050858460367,0.303598734345175,0.329345059174016,0.275680268359655,0.314385374201397,0.36664738502065
"routine_bundle","exact_deduplication","cate_correlation",20,0.892122604876272,0.0203990621957519,0.00456136897469474,0.882575549891204,0.90166965986134,0.866053580038919,0.894406378946056,0.924754799809698
"routine_bundle","exact_deduplication","cate_rank_correlation",20,0.66980019665547,0.02458772813817,0.00549798315292325,0.65829278566567,0.68130760764527,0.631581576450235,0.670837540348931,0.712047654592564
"routine_bundle","exact_deduplication","representation_cate_correlation",20,0.980253846969012,0.00392205380018461,0.000876997890862417,0.978418269287771,0.982089424650252,0.97277621466103,0.980159672068301,0.986662310298683
"routine_bundle","exact_deduplication","representation_rank_correlation",20,0.955178706001598,0.0126227694342631,0.00282253705193188,0.949271068057446,0.961086343945751,0.928351604559868,0.95646099323229,0.970949408475833
"routine_bundle","exact_deduplication","assignment_switching",20,0.0141,0.00596596585122742,0.00133403051947869,0.0113078420334163,0.0168921579665837,0.006665,0.0128,0.0270283333333333
"routine_bundle","exact_deduplication","top_set_overlap",20,0.932276675219867,0.0274876220173895,0.00614641913707029,0.919412072117503,0.945141278322231,0.873427583371086,0.937984951039824,0.967226990333994
"routine_bundle","exact_deduplication","policy_value",20,0.283978349792927,0.00305864823409507,0.000683934537069626,0.282546858355199,0.285409841230654,0.277506692416911,0.284781819359906,0.287644946490278
"routine_bundle","exact_deduplication","policy_regret",20,0.00512074771882115,0.00303253819085542,0.000678096153911696,0.00370147615748221,0.00654001928016009,0.00175727925204508,0.00467393601242258,0.0116960752955138
"routine_bundle","exact_deduplication","policy_value_difference",20,0.0042744245903405,0.00288660064291375,0.000645463526144973,0.00292345390387586,0.00562539527680513,0.000758242747999868,0.00389651885869002,0.0100821450925512
"routine_bundle","exact_deduplication","regret_difference",20,-0.0042744245903405,0.00288660064291375,0.000645463526144973,-0.00562539527680513,-0.00292345390387586,-0.0100821450925512,-0.00389651885869002,-0.000758242747999869
"routine_bundle","dimension_adjusted_mtry","cate_rmse",20,0.296855433531253,0.0287513804028702,0.0064290041027773,0.283399373298251,0.310311493764256,0.251216516434439,0.291634897383898,0.348123327326621
"routine_bundle","dimension_adjusted_mtry","cate_correlation",20,0.892179619885705,0.0189421506806213,0.00423559365619132,0.883314420478597,0.901044819292812,0.866798153181823,0.893131619386425,0.923418944707644
"routine_bundle","dimension_adjusted_mtry","cate_rank_correlation",20,0.673751603303628,0.0284632469213756,0.00636457549765575,0.660430393690936,0.687072812916319,0.634872466542092,0.667928832049032,0.730903948774816
"routine_bundle","dimension_adjusted_mtry","representation_cate_correlation",20,0.97503084661904,0.00570167144036634,0.00127493249260283,0.972362382244276,0.977699310993804,0.964674472438632,0.975352374871924,0.983577139572084
"routine_bundle","dimension_adjusted_mtry","representation_rank_correlation",20,0.949923627048404,0.0158789345649823,0.00355063770975715,0.942492056913393,0.957355197183415,0.914865665830706,0.954473876016749,0.969519572882744
"routine_bundle","dimension_adjusted_mtry","assignment_switching",20,0.0178133333333333,0.00813697358858234,0.00181948260751905,0.0140051124692184,0.0216215541974483,0.007075,0.0153333333333333,0.03341
"routine_bundle","dimension_adjusted_mtry","top_set_overlap",20,0.915413383962882,0.0369080210152881,0.00825288439051751,0.898139898415278,0.932686869510486,0.845850330291709,0.926173450837128,0.965242777778046
"routine_bundle","dimension_adjusted_mtry","policy_value",20,0.284117797810215,0.00335905975686107,0.000751108595682526,0.282545709451979,0.285689886168452,0.277155429374458,0.285289394195348,0.287733327433627
"routine_bundle","dimension_adjusted_mtry","policy_regret",20,0.00498129970153238,0.00326695769735949,0.000730513949091201,0.00345231643400369,0.00651028296906107,0.00166661037870436,0.00383522750672083,0.0120473383379669
"routine_bundle","dimension_adjusted_mtry","policy_value_difference",20,0.00441387260762926,0.00340964810957633,0.000762420495236633,0.00281810817152509,0.00600963704373343,0.000586145125482697,0.0039239056003865,0.0116278678161329
"routine_bundle","dimension_adjusted_mtry","regret_difference",20,-0.00441387260762926,0.00340964810957633,0.000762420495236633,-0.00600963704373343,-0.00281810817152509,-0.0116278678161329,-0.0039239056003865,-0.000586145125482697
"routine_bundle","class_sampled","cate_rmse",20,0.389606749322032,0.0218511721515237,0.00488607063188573,0.379380085957957,0.399833412686107,0.36152716581258,0.38592436618117,0.433810710631213
"routine_bundle","class_sampled","cate_correlation",20,0.83776637610108,0.0256783193515458,0.00574184676180048,0.825748552711905,0.849784199490255,0.804143201169188,0.843039223588761,0.869143255375077
"routine_bundle","class_sampled","cate_rank_correlation",20,0.665979296011425,0.0363819331367402,0.00813524756466032,0.648952027170024,0.683006564852826,0.606287588702864,0.663035842807151,0.729439674328155
"routine_bundle","class_sampled","representation_cate_correlation",20,1,1.0188105198175e-16,2.27812957850383e-17,1,1,1,1,1
"routine_bundle","class_sampled","representation_rank_correlation",20,1,0,0,1,1,1,1,1
"routine_bundle","class_sampled","assignment_switching",20,0,0,0,0,0,0,0,0
"routine_bundle","class_sampled","top_set_overlap",20,1,0,0,1,1,1,1,1
"routine_bundle","class_sampled","policy_value",20,0.279562492573061,0.00433267717670501,0.000968816069167428,0.277534737235996,0.281590247910126,0.272653748765621,0.279262810925247,0.285956295467184
"routine_bundle","class_sampled","policy_regret",20,0.00953660493868661,0.00438005515270223,0.000979410106664041,0.00748667602630817,0.0115865338510651,0.00328149103318214,0.0101706951403943,0.0165490189468038
"routine_bundle","class_sampled","policy_value_difference",20,0,0,0,0,0,0,0,0
"routine_bundle","class_sampled","regret_difference",20,0,0,0,0,0,0,0,0
