"replication","dimension","subgroup","true_mean","x1_mean","x2_mean","sign_reversal","strong_sign_reversal"
1,40,"x1_high__x2_high",0.299743938498122,0.374267223856178,0.259090215920662,0,0
1,40,"x1_high__x2_low",1.39985044370295,1.32004575496847,1.33871153305843,0,0
1,40,"x1_low__x2_high",-1.00035881202017,-0.79511316532098,-0.814298484871736,0,0
1,40,"x1_low__x2_low",0.0997265198701126,-0.049742212834136,0.0616048802064657,1,0
1,100,"x1_high__x2_high",0.299743938498122,0.501507340724863,0.142255753796652,0,0
1,100,"x1_high__x2_low",1.39985044370295,1.19385323960449,1.19685187110204,0,0
1,100,"x1_low__x2_high",-1.00035881202017,-0.669019667335347,-0.697681070146986,0,0
1,100,"x1_low__x2_low",0.0997265198701126,-0.16416863354495,0.19474693426687,1,1
1,250,"x1_high__x2_high",0.299743938498122,0.622534265403652,0.000780021012238028,0,0
1,250,"x1_high__x2_low",1.39985044370295,1.03825196086772,0.992152587890203,0,0
1,250,"x1_low__x2_high",-1.00035881202017,-0.559726727522787,-0.524730347646408,0,0
1,250,"x1_low__x2_low",0.0997265198701126,-0.235241339223735,0.357299932161588,1,1
1,500,"x1_high__x2_high",0.299743938498122,0.658243095625283,-0.0618970838376873,1,0
1,500,"x1_high__x2_low",1.39985044370295,0.942766087839379,0.847944683243499,0,0
1,500,"x1_low__x2_high",-1.00035881202017,-0.468198738965743,-0.398676949642717,0,0
1,500,"x1_low__x2_low",0.0997265198701126,-0.254508522811101,0.439227603225329,1,1
2,40,"x1_high__x2_high",0.299932464554166,0.451945986965778,0.331941292013544,0,0
2,40,"x1_high__x2_low",1.39966234170116,1.12243317502806,1.14428232399024,0,0
2,40,"x1_low__x2_high",-1.00017384761547,-0.782711911782192,-0.818975030276491,0,0
2,40,"x1_low__x2_low",0.0998418833950931,0.0144478620663283,0.146022455719067,0,0
2,100,"x1_high__x2_high",0.299932464554166,0.545922591919697,0.204024158798892,0,0
2,100,"x1_high__x2_low",1.39966234170116,1.02879983986997,1.02618348188665,0,0
2,100,"x1_low__x2_high",-1.00017384761547,-0.672241789637034,-0.697260151321307,0,0
2,100,"x1_low__x2_low",0.0998418833950931,-0.103557942943521,0.263063829514995,1,1
2,250,"x1_high__x2_high",0.299932464554166,0.639160248424382,0.0462704155390892,0,0
2,250,"x1_high__x2_low",1.39966234170116,0.913232906610692,0.877787855187207,0,0
2,250,"x1_low__x2_high",-1.00017384761547,-0.550812901449831,-0.522744804760147,0,0
2,250,"x1_low__x2_low",0.0998418833950931,-0.208987491445189,0.38916536499467,1,1
2,500,"x1_high__x2_high",0.299932464554166,0.636787871460174,-0.0220936665153206,1,0
2,500,"x1_high__x2_low",1.39966234170116,0.83497714606518,0.760179467035922,0,0
2,500,"x1_low__x2_high",-1.00017384761547,-0.467635595493605,-0.397322813476467,0,0
2,500,"x1_low__x2_low",0.0998418833950931,-0.222245553616567,0.452734570259233,1,1
3,40,"x1_high__x2_high",0.299855728631964,0.434908463671651,0.318352044765065,0,0
3,40,"x1_high__x2_low",1.39986443460977,1.24792338479788,1.27329502514417,0,0
3,40,"x1_low__x2_high",-0.999645877635759,-0.840989403773286,-0.86461806917034,0,0
3,40,"x1_low__x2_low",0.100053459013946,0.0839448337138256,0.203296759912186,0,0
3,100,"x1_high__x2_high",0.299855728631964,0.54307890692127,0.173705198419386,0,0
3,100,"x1_high__x2_low",1.39986443460977,1.14312246156885,1.15575752701292,0,0
3,100,"x1_low__x2_high",-0.999645877635759,-0.72865889525426,-0.739299605215255,0,0
3,100,"x1_low__x2_low",0.100053459013946,-0.0348277619236985,0.332588340110701,1,0
3,250,"x1_high__x2_high",0.299855728631964,0.654160276610395,0.0260966792532401,0,0
3,250,"x1_high__x2_low",1.39986443460977,1.00484916380438,0.990125482266761,0,0
3,250,"x1_low__x2_high",-0.999645877635759,-0.574410230492282,-0.554831295448515,0,0
3,250,"x1_low__x2_low",0.100053459013946,-0.157421396624568,0.46828016500069,1,1
3,500,"x1_high__x2_high",0.299855728631964,0.67071347752339,-0.0459079893271423,1,0
3,500,"x1_high__x2_low",1.39986443460977,0.916643963995773,0.867487557796036,0,0
3,500,"x1_low__x2_high",-0.999645877635759,-0.463706137450671,-0.424685430257568,0,0
3,500,"x1_low__x2_low",0.100053459013946,-0.189286065089815,0.534518148644889,1,1
4,40,"x1_high__x2_high",0.300494624063908,0.373106373967472,0.250952342698896,0,0
4,40,"x1_high__x2_low",1.39999799205756,1.27735013937001,1.29068491768683,0,0
4,40,"x1_low__x2_high",-0.999730298479747,-0.856501720093088,-0.863606848229193,0,0
4,40,"x1_low__x2_low",0.100238167928982,0.0919556985193169,0.204278085302872,0,0
4,100,"x1_high__x2_high",0.300494624063908,0.491097490308105,0.122813742705569,0,0
4,100,"x1_high__x2_low",1.39999799205756,1.17040478183817,1.16299479377379,0,0
4,100,"x1_low__x2_high",-0.999730298479747,-0.727318930026147,-0.734934140245025,0,0
4,100,"x1_low__x2_low",0.100238167928982,-0.0438687778210117,0.338709827039543,1,0
4,250,"x1_high__x2_high",0.300494624063908,0.629950383774264,-0.0234320315504665,1,0
4,250,"x1_high__x2_low",1.39999799205756,1.02420476808096,1.00915471906363,0,0
4,250,"x1_low__x2_high",-0.999730298479747,-0.581923460243883,-0.566622238073521,0,0
4,250,"x1_low__x2_low",0.100238167928982,-0.159437069898035,0.490936306322621,1,1
4,500,"x1_high__x2_high",0.300494624063908,0.652058393267703,-0.0768463995154689,1,0
4,500,"x1_high__x2_low",1.39999799205756,0.934595360584202,0.882446562996576,0,0
4,500,"x1_low__x2_high",-0.999730298479747,-0.48469878360155,-0.445111065061076,0,0
4,500,"x1_low__x2_low",0.100238167928982,-0.180971097873118,0.553869467660203,1,1
5,40,"x1_high__x2_high",0.299437070110909,0.373503652789872,0.263458160975945,0,0
5,40,"x1_high__x2_low",1.39999106801535,1.28805008438138,1.31860614666585,0,0
5,40,"x1_low__x2_high",-1.00031964177484,-0.854461336566178,-0.88349187448795,0,0
5,40,"x1_low__x2_low",0.10035143938434,-0.0749155553848003,0.0390009535006573,1,0
5,100,"x1_high__x2_high",0.299437070110909,0.49457190274319,0.141757008911272,0,0
5,100,"x1_high__x2_low",1.39999106801535,1.16562415405871,1.19709384126689,0,0
5,100,"x1_low__x2_high",-1.00031964177484,-0.738360405303506,-0.763861545233317,0,0
5,100,"x1_low__x2_low",0.10035143938434,-0.189304366009141,0.166758546999542,1,1
5,250,"x1_high__x2_high",0.299437070110909,0.609374653695207,-0.0112872331437548,1,0
5,250,"x1_high__x2_low",1.39999106801535,1.0204084519833,1.00195677958554,0,0
5,250,"x1_low__x2_high",-1.00031964177484,-0.612508646519947,-0.58023342617432,0,0
5,250,"x1_low__x2_low",0.10035143938434,-0.291092630679897,0.336347916971778,1,1
5,500,"x1_high__x2_high",0.299437070110909,0.655119776804378,-0.0730742035762815,1,0
5,500,"x1_high__x2_low",1.39999106801535,0.91564347210995,0.855376866466459,0,0
5,500,"x1_low__x2_high",-1.00031964177484,-0.532581975200562,-0.449526834261129,0,0
5,500,"x1_low__x2_low",0.10035143938434,-0.306551755326963,0.418442272972126,1,1
6,40,"x1_high__x2_high",0.300110923569681,0.367543094513965,0.235695836477282,0,0
6,40,"x1_high__x2_low",1.39940947042041,1.2375089161997,1.27580549487091,0,0
6,40,"x1_low__x2_high",-1.00038872065246,-0.965479651644655,-0.981897158811735,0,0
6,40,"x1_low__x2_low",0.10025846399638,-0.0275828002381691,0.0757841919972274,1,0
6,100,"x1_high__x2_high",0.300110923569681,0.480006888230659,0.0848194121998108,0,0
6,100,"x1_high__x2_low",1.39940947042041,1.12147675011696,1.16064843865467,0,0
6,100,"x1_low__x2_high",-1.00038872065246,-0.834702829094961,-0.856937618614864,0,0
6,100,"x1_low__x2_low",0.10025846399638,-0.159700180161183,0.204044520393172,1,1
6,250,"x1_high__x2_high",0.300110923569681,0.593079860394514,-0.0690846356171455,1,0
6,250,"x1_high__x2_low",1.39940947042041,0.98665831934637,0.979065543078577,0,0
6,250,"x1_low__x2_high",-1.00038872065246,-0.687169468293368,-0.680234547771924,0,0
6,250,"x1_low__x2_low",0.10025846399638,-0.279539859535485,0.351554210587682,1,1
6,500,"x1_high__x2_high",0.300110923569681,0.626360559361634,-0.144983515353473,1,1
6,500,"x1_high__x2_low",1.39940947042041,0.887340958905281,0.828674314235626,0,0
6,500,"x1_low__x2_high",-1.00038872065246,-0.593871976595087,-0.539538409458143,0,0
6,500,"x1_low__x2_low",0.10025846399638,-0.312915980518189,0.433144727782723,1,1
7,40,"x1_high__x2_high",0.299978758791282,0.342501430840739,0.225132438934798,0,0
7,40,"x1_high__x2_low",1.40027962253213,1.11068972285893,1.13132996252525,0,0
7,40,"x1_low__x2_high",-1.00006074571005,-0.809905047739883,-0.825068832178731,0,0
7,40,"x1_low__x2_low",0.0999710775129348,0.0435716107213188,0.156276857884267,0,0
7,100,"x1_high__x2_high",0.299978758791282,0.454174098311662,0.0983430935702262,0,0
7,100,"x1_high__x2_low",1.40027962253213,1.00637359168644,1.01659997281302,0,0
7,100,"x1_low__x2_high",-1.00006074571005,-0.687337230663543,-0.700801807180665,0,0
7,100,"x1_low__x2_low",0.0999710775129348,-0.0818788058387067,0.271610218316309,1,0
7,250,"x1_high__x2_high",0.299978758791282,0.549122583394881,-0.0383973092058577,1,0
7,250,"x1_high__x2_low",1.40027962253213,0.878965320937028,0.857641348380762,0,0
7,250,"x1_low__x2_high",-1.00006074571005,-0.556525611498367,-0.530925146644082,0,0
7,250,"x1_low__x2_low",0.0999710775129348,-0.17279782172561,0.404849752640956,1,1
7,500,"x1_high__x2_high",0.299978758791282,0.5720942099591,-0.0896732607838237,1,0
7,500,"x1_high__x2_low",1.40027962253213,0.791479124389978,0.745591622360307,0,0
7,500,"x1_low__x2_high",-1.00006074571005,-0.444633047608425,-0.410503667435019,0,0
7,500,"x1_low__x2_low",0.0999710775129348,-0.217939615085573,0.454912128150291,1,1
8,40,"x1_high__x2_high",0.299888332173721,0.474735754777905,0.355548696126416,0,0
8,40,"x1_high__x2_low",1.39955320589992,1.35623434196254,1.38667302380996,0,0
8,40,"x1_low__x2_high",-1.00026712747228,-0.780319447509024,-0.819964686156988,0,0
8,40,"x1_low__x2_low",0.0997567163771231,-0.084893612189563,0.0418524553928395,1,0
8,100,"x1_high__x2_high",0.299888332173721,0.59893736175826,0.230652939055649,0,0
8,100,"x1_high__x2_low",1.39955320589992,1.23058775993501,1.25141545293002,0,0
8,100,"x1_low__x2_high",-1.00026712747228,-0.667635145149456,-0.700144846061267,0,0
8,100,"x1_low__x2_low",0.0997567163771231,-0.190093097511951,0.176374690202284,1,1
8,250,"x1_high__x2_high",0.299888332173721,0.708427680833351,0.0820501448710027,0,0
8,250,"x1_high__x2_low",1.39955320589992,1.08899475354836,1.04359435031585,0,0
8,250,"x1_low__x2_high",-1.00026712747228,-0.551628286084275,-0.520014538150525,0,0
8,250,"x1_low__x2_low",0.0997567163771231,-0.273203177418335,0.340174530385519,1,1
8,500,"x1_high__x2_high",0.299888332173721,0.734115090054276,0.013550842042207,0,0
8,500,"x1_high__x2_low",1.39955320589992,0.994322271911155,0.878511734223436,0,0
8,500,"x1_low__x2_high",-1.00026712747228,-0.469937437318826,-0.38098419374071,0,0
8,500,"x1_low__x2_low",0.0997567163771231,-0.286635768773272,0.429253268521324,1,1
9,40,"x1_high__x2_high",0.300177021907611,0.438496260846052,0.338090523964709,0,0
9,40,"x1_high__x2_low",1.40008584436062,1.24080026249819,1.24792604708166,0,0
9,40,"x1_low__x2_high",-0.999295152836976,-0.837643953887377,-0.872769422376362,0,0
9,40,"x1_low__x2_low",0.10019735405607,0.00539702024360968,0.136261057927289,0,0
9,100,"x1_high__x2_high",0.300177021907611,0.553563083108495,0.207155947600447,0,0
9,100,"x1_high__x2_low",1.40008584436062,1.11809073866026,1.12793614678484,0,0
9,100,"x1_low__x2_high",-0.999295152836976,-0.718090702941109,-0.737303254481232,0,0
9,100,"x1_low__x2_low",0.10019735405607,-0.111117572933775,0.260210294005403,1,1
9,250,"x1_high__x2_high",0.300177021907611,0.658640379087828,0.0607927294706924,0,0
9,250,"x1_high__x2_low",1.40008584436062,0.977656877258888,0.951425693737104,0,0
9,250,"x1_low__x2_high",-0.999295152836976,-0.587868489051254,-0.556115500321476,0,0
9,250,"x1_low__x2_low",0.10019735405607,-0.21389758307319,0.400627276789996,1,1
9,500,"x1_high__x2_high",0.300177021907611,0.674274195748835,-0.0165249805325611,1,0
9,500,"x1_high__x2_low",1.40008584436062,0.890393316719939,0.816244611951974,0,0
9,500,"x1_low__x2_high",-0.999295152836976,-0.48704875029302,-0.41047065893506,0,0
9,500,"x1_low__x2_low",0.10019735405607,-0.245137021004942,0.472307520102402,1,1
10,40,"x1_high__x2_high",0.300154619502776,0.274839102401475,0.157697874223575,0,0
10,40,"x1_high__x2_low",1.40031134339665,1.19672999444217,1.19391205082099,0,0
10,40,"x1_low__x2_high",-1.00008061694275,-0.901055116297367,-0.891807274131922,0,0
10,40,"x1_low__x2_low",0.099267145247193,0.174534213638425,0.297913988597659,0,0
10,100,"x1_high__x2_high",0.300154619502776,0.399488124578686,0.0338242871026721,0,0
10,100,"x1_high__x2_low",1.40031134339665,1.07821625369879,1.08527063749192,0,0
10,100,"x1_low__x2_high",-1.00008061694275,-0.770016953271089,-0.776060132972895,0,0
10,100,"x1_low__x2_low",0.099267145247193,0.0396809348968387,0.418408161326989,0,0
10,250,"x1_high__x2_high",0.300154619502776,0.514015140086116,-0.115910589618638,1,1
10,250,"x1_high__x2_low",1.40031134339665,0.925948909457279,0.93446882709446,0,0
10,250,"x1_low__x2_high",-1.00008061694275,-0.613009918211197,-0.604704853272613,0,0
10,250,"x1_low__x2_low",0.099267145247193,-0.0930517623940865,0.540592938845183,1,0
10,500,"x1_high__x2_high",0.300154619502776,0.551278717259541,-0.162024337993224,1,1
10,500,"x1_high__x2_low",1.40031134339665,0.82340942900761,0.831493308348552,0,0
10,500,"x1_low__x2_high",-1.00008061694275,-0.489005050829295,-0.485251543232316,0,0
10,500,"x1_low__x2_low",0.099267145247193,-0.152703297141171,0.578196473564505,1,1
11,40,"x1_high__x2_high",0.300351905537651,0.469514022428836,0.354252108500179,0,0
11,40,"x1_high__x2_low",1.39995650055274,1.36272044577928,1.39202998958523,0,0
11,40,"x1_low__x2_high",-1.00065117554197,-0.960525664412093,-0.992575024045975,0,0
11,40,"x1_low__x2_low",0.0996794398761102,0.010185521823903,0.112217313280864,0,0
11,100,"x1_high__x2_high",0.300351905537651,0.599783863311416,0.220132051317696,0,0
11,100,"x1_high__x2_low",1.39995650055274,1.23628047356461,1.25796655959544,0,0
11,100,"x1_low__x2_high",-1.00065117554197,-0.83112908071755,-0.864907977227871,0,0
11,100,"x1_low__x2_low",0.0996794398761102,-0.11422376827675,0.245606894828461,1,1
11,250,"x1_high__x2_high",0.300351905537651,0.722082401673976,0.045938136850015,0,0
11,250,"x1_high__x2_low",1.39995650055274,1.09602633307125,1.0590420526689,0,0
11,250,"x1_low__x2_high",-1.00065117554197,-0.668611270132637,-0.662549302590749,0,0
11,250,"x1_low__x2_low",0.0996794398761102,-0.238997936762637,0.397466325606745,1,1
11,500,"x1_high__x2_high",0.300351905537651,0.738827927643297,-0.03910291075503,1,0
11,500,"x1_high__x2_low",1.39995650055274,1.00271893515899,0.902683793123792,0,0
11,500,"x1_low__x2_high",-1.00065117554197,-0.572953935170531,-0.50612645576068,0,0
11,500,"x1_low__x2_low",0.0996794398761102,-0.256483067150894,0.475846099713939,1,1
12,40,"x1_high__x2_high",0.299367354849917,0.429897864164887,0.309479206449627,0,0
12,40,"x1_high__x2_low",1.40094006699193,1.2371146347149,1.27410598074983,0,0
12,40,"x1_low__x2_high",-0.999830352941742,-0.739370231868534,-0.778937759799608,0,0
12,40,"x1_low__x2_low",0.100259525586405,-0.00583765504591564,0.107064176738351,1,0
12,100,"x1_high__x2_high",0.299367354849917,0.540098435109225,0.197890561898205,0,0
12,100,"x1_high__x2_low",1.40094006699193,1.12080548999593,1.14958938947627,0,0
12,100,"x1_low__x2_high",-0.999830352941742,-0.613141239613009,-0.667366416367266,0,0
12,100,"x1_low__x2_low",0.100259525586405,-0.115794495241822,0.233860480025098,1,1
12,250,"x1_high__x2_high",0.299367354849917,0.650243895200292,0.0646893296892253,0,0
12,250,"x1_high__x2_low",1.40094006699193,0.98627914750061,0.962748151764553,0,0
12,250,"x1_low__x2_high",-0.999830352941742,-0.500162043493598,-0.493738615999551,0,0
12,250,"x1_low__x2_low",0.100259525586405,-0.188359052286367,0.382613659866468,1,1
12,500,"x1_high__x2_high",0.299367354849917,0.675503756215827,0.0136382991101689,0,0
12,500,"x1_high__x2_low",1.40094006699193,0.893329183174491,0.818134255380252,0,0
12,500,"x1_low__x2_high",-0.999830352941742,-0.406651979049947,-0.357890842816665,0,0
12,500,"x1_low__x2_low",0.100259525586405,-0.211354289457389,0.447836614984063,1,1
13,40,"x1_high__x2_high",0.300383578040009,0.266509944977192,0.1546966101177,0,0
13,40,"x1_high__x2_low",1.39945739463586,1.32630630973658,1.32398995542032,0,0
13,40,"x1_low__x2_high",-0.999741266190869,-0.888479822455493,-0.895267367847153,0,0
13,40,"x1_low__x2_low",0.100236120931443,0.187126842749888,0.313630615870115,0,0
13,100,"x1_high__x2_high",0.300383578040009,0.390743222513353,0.0243510629344512,0,0
13,100,"x1_high__x2_low",1.39945739463586,1.20020761393678,1.19750298861619,0,0
13,100,"x1_low__x2_high",-0.999741266190869,-0.771722355505327,-0.774692127768121,0,0
13,100,"x1_low__x2_low",0.100236120931443,0.0581350878875574,0.437583115628977,0,0
13,250,"x1_high__x2_high",0.300383578040009,0.530020897769676,-0.117935527067188,1,1
13,250,"x1_high__x2_low",1.39945739463586,1.03872933814659,1.03895631702888,0,0
13,250,"x1_low__x2_high",-0.999741266190869,-0.615772627994436,-0.624220764890488,0,0
13,250,"x1_low__x2_low",0.100236120931443,-0.0830863416994481,0.55616820831036,1,0
13,500,"x1_high__x2_high",0.300383578040009,0.579664258456257,-0.177432219663861,1,1
13,500,"x1_high__x2_low",1.39945739463586,0.918196369319174,0.926608536997615,0,0
13,500,"x1_low__x2_high",-0.999741266190869,-0.490310718718772,-0.5037862303232,0,0
13,500,"x1_low__x2_low",0.100236120931443,-0.14331371283123,0.614619245761022,1,1
14,40,"x1_high__x2_high",0.300578862052165,0.440800906482192,0.324783772479452,0,0
14,40,"x1_high__x2_low",1.40019255129186,1.19241093577596,1.22257404368994,0,0
14,40,"x1_low__x2_high",-1.00059571868076,-0.831299673989673,-0.869452170629226,0,0
14,40,"x1_low__x2_low",0.100161544543398,0.0697424296978738,0.192747294696054,0,0
14,100,"x1_high__x2_high",0.300578862052165,0.545894633326266,0.186963095613667,0,0
14,100,"x1_high__x2_low",1.40019255129186,1.07958318030773,1.11628862131604,0,0
14,100,"x1_low__x2_high",-1.00059571868076,-0.704575749136013,-0.742184091965827,0,0
14,100,"x1_low__x2_low",0.100161544543398,-0.056097306591309,0.30956976711207,1,0
14,250,"x1_high__x2_high",0.300578862052165,0.629416077238137,0.0324880642811827,0,0
14,250,"x1_high__x2_low",1.40019255129186,0.959083402168087,0.949097474517395,0,0
14,250,"x1_low__x2_high",-1.00059571868076,-0.563147844270346,-0.553033272926817,0,0
14,250,"x1_low__x2_low",0.100161544543398,-0.168561427536581,0.436668982155043,1,1
14,500,"x1_high__x2_high",0.300578862052165,0.648347011163429,-0.0418961602038307,1,0
14,500,"x1_high__x2_low",1.40019255129186,0.873853984340663,0.827660785523426,0,0
14,500,"x1_low__x2_high",-1.00059571868076,-0.471421117217863,-0.427288413738933,0,0
14,500,"x1_low__x2_low",0.100161544543398,-0.200171166009923,0.495974470983748,1,1
15,40,"x1_high__x2_high",0.299775002538456,0.545373305050246,0.427551032169028,0,0
15,40,"x1_high__x2_low",1.40036699548895,1.33742376500511,1.36540658288961,0,0
15,40,"x1_low__x2_high",-0.999717409690816,-0.950904639589979,-0.974022364551554,0,0
15,40,"x1_low__x2_low",0.0991666307449062,0.0761444823997728,0.199491353856749,0,0
15,100,"x1_high__x2_high",0.299775002538456,0.65426187662095,0.295156378461265,0,0
15,100,"x1_high__x2_low",1.40036699548895,1.21386419363274,1.23978144088035,0,0
15,100,"x1_low__x2_high",-0.999717409690816,-0.829150889467758,-0.851467333333004,0,0
15,100,"x1_low__x2_low",0.0991666307449062,-0.0536446009003882,0.333952201471666,1,0
15,250,"x1_high__x2_high",0.299775002538456,0.74921046386733,0.106294346277506,0,0
15,250,"x1_high__x2_low",1.40036699548895,1.09168989517242,1.05845097153806,0,0
15,250,"x1_low__x2_high",-0.999717409690816,-0.675834905013235,-0.641389967271559,0,0
15,250,"x1_low__x2_low",0.0991666307449062,-0.191013243826743,0.493968864635418,1,1
15,500,"x1_high__x2_high",0.299775002538456,0.776722856638773,0.00316431454013877,0,0
15,500,"x1_high__x2_low",1.40036699548895,0.991079587110587,0.917777736389187,0,0
15,500,"x1_low__x2_high",-0.999717409690816,-0.562245888677088,-0.481164375293527,0,0
15,500,"x1_low__x2_low",0.0991666307449062,-0.243089713489957,0.5654869554173,1,1
16,40,"x1_high__x2_high",0.299653954351885,0.363851453955674,0.243410971983648,0,0
16,40,"x1_high__x2_low",1.40027835578337,1.28830169778323,1.31583770443955,0,0
16,40,"x1_low__x2_high",-0.999908980262047,-0.85021727767192,-0.90324321223782,0,0
16,40,"x1_low__x2_low",0.100200211722145,-0.112386928630209,0.010224270512431,1,0
16,100,"x1_high__x2_high",0.299653954351885,0.504849608753474,0.117572274540657,0,0
16,100,"x1_high__x2_low",1.40027835578337,1.15730419440123,1.1908460250294,0,0
16,100,"x1_low__x2_high",-0.999908980262047,-0.735777813185747,-0.802543222226153,0,0
16,100,"x1_low__x2_low",0.100200211722145,-0.225919967419118,0.138611967229424,1,1
16,250,"x1_high__x2_high",0.299653954351885,0.631284089129234,-0.0457748689851222,1,0
16,250,"x1_high__x2_low",1.40027835578337,1.00729295721872,0.984152422148242,0,0
16,250,"x1_low__x2_high",-0.999908980262047,-0.61538887798206,-0.634988277598626,0,0
16,250,"x1_low__x2_low",0.100200211722145,-0.309034493884042,0.308476064651063,1,1
16,500,"x1_high__x2_high",0.299653954351885,0.667717229902199,-0.111398640713312,1,1
16,500,"x1_high__x2_low",1.40027835578337,0.921491346912595,0.830557867132982,0,0
16,500,"x1_low__x2_high",-0.999908980262047,-0.534884033257562,-0.494873424332382,0,0
16,500,"x1_low__x2_low",0.100200211722145,-0.331110316618105,0.384467891383374,1,1
17,40,"x1_high__x2_high",0.300234626576921,0.250459970760685,0.139849800384342,0,0
17,40,"x1_high__x2_low",1.39992368850384,1.36469298215701,1.3714952214097,0,0
17,40,"x1_low__x2_high",-1.00007387476582,-0.827283711363125,-0.848237917484276,0,0
17,40,"x1_low__x2_low",0.0997651182342632,-0.0190991430574288,0.0987724671914155,1,0
17,100,"x1_high__x2_high",0.300234626576921,0.387391118434202,0.0231045626882868,0,0
17,100,"x1_high__x2_low",1.39992368850384,1.23100179946651,1.22837766408837,0,0
17,100,"x1_low__x2_high",-1.00007387476582,-0.718363507830134,-0.736351732762469,0,0
17,100,"x1_low__x2_low",0.0997651182342632,-0.126012589350364,0.240816990563596,1,1
17,250,"x1_high__x2_high",0.300234626576921,0.542408461726406,-0.111679091072714,1,1
17,250,"x1_high__x2_low",1.39992368850384,1.04645271901624,1.03091952689832,0,0
17,250,"x1_low__x2_high",-1.00007387476582,-0.586394473617521,-0.577907809817323,0,0
17,250,"x1_low__x2_low",0.0997651182342632,-0.221901136928653,0.395173537233408,1,1
17,500,"x1_high__x2_high",0.300234626576921,0.58541283846844,-0.15522639578485,1,1
17,500,"x1_high__x2_low",1.39992368850384,0.935273206572133,0.884901719817031,0,0
17,500,"x1_low__x2_high",-1.00007387476582,-0.493692180332006,-0.470164475398944,0,0
17,500,"x1_low__x2_low",0.0997651182342632,-0.248238266851254,0.457988220769214,1,1
18,40,"x1_high__x2_high",0.299868111723643,0.409152031769928,0.274742782467976,0,0
18,40,"x1_high__x2_low",1.40014021906804,1.2674060148582,1.31004654037931,0,0
18,40,"x1_low__x2_high",-0.999729447012311,-0.955281018845329,-0.977463341906327,0,0
18,40,"x1_low__x2_low",0.0995019690566959,-0.14662656123763,-0.0181141730953039,0,0
18,100,"x1_high__x2_high",0.299868111723643,0.532256751703891,0.139795373019602,0,0
18,100,"x1_high__x2_low",1.40014021906804,1.14231672497859,1.19315289712081,0,0
18,100,"x1_low__x2_high",-0.999729447012311,-0.826376831569724,-0.842279474058636,0,0
18,100,"x1_low__x2_low",0.0995019690566959,-0.275515119517492,0.121143089696448,1,1
18,250,"x1_high__x2_high",0.299868111723643,0.638479473953979,-0.0205498068389123,1,0
18,250,"x1_high__x2_low",1.40014021906804,1.01621122922486,1.00448426171624,0,0
18,250,"x1_low__x2_high",-0.999729447012311,-0.704397336789423,-0.653289589128128,0,0
18,250,"x1_low__x2_low",0.0995019690566959,-0.38147704622665,0.313647286558506,1,1
18,500,"x1_high__x2_high",0.299868111723643,0.666401718393914,-0.0940535233504237,1,0
18,500,"x1_high__x2_low",1.40014021906804,0.92884314610835,0.866039474205519,0,0
18,500,"x1_low__x2_high",-0.999729447012311,-0.622902138233707,-0.505351065347467,0,0
18,500,"x1_low__x2_low",0.0995019690566959,-0.393768174430987,0.401668478526211,1,1
19,40,"x1_high__x2_high",0.299969432611925,0.49940793404954,0.385177562913713,0,0
19,40,"x1_high__x2_low",1.39966788389384,1.18679781557425,1.20868954252561,0,0
19,40,"x1_low__x2_high",-1.00017066680578,-0.867838961573442,-0.894684563625555,0,0
19,40,"x1_low__x2_low",0.0996690395527961,0.0943362926969832,0.2323915162254,0,0
19,100,"x1_high__x2_high",0.299969432611925,0.59781647464632,0.241432022673264,0,0
19,100,"x1_high__x2_low",1.39966788389384,1.07898454984174,1.10485457676896,0,0
19,100,"x1_low__x2_high",-1.00017066680578,-0.743825956481511,-0.765282098569623,0,0
19,100,"x1_low__x2_low",0.0996690395527961,-0.039494558362161,0.351690104842645,1,0
19,250,"x1_high__x2_high",0.299969432611925,0.681191509615578,0.0792696281222738,0,0
19,250,"x1_high__x2_low",1.39966788389384,0.963606492232297,0.952517609362205,0,0
19,250,"x1_low__x2_high",-1.00017066680578,-0.60134330045932,-0.583617977424278,0,0
19,250,"x1_low__x2_low",0.0996690395527961,-0.159386727742644,0.478070496494231,1,1
19,500,"x1_high__x2_high",0.299969432611925,0.692737657953345,-0.0141124013200762,1,0
19,500,"x1_high__x2_low",1.39966788389384,0.886258733397748,0.83844147013781,0,0
19,500,"x1_low__x2_high",-1.00017066680578,-0.49873042523038,-0.425771671064042,0,0
19,500,"x1_low__x2_low",0.0996690395527961,-0.200714541375444,0.532080601605188,1,1
20,40,"x1_high__x2_high",0.300091279479205,0.353811782025435,0.227722502800448,0,0
20,40,"x1_high__x2_low",1.39985569696892,1.29334217784985,1.30456679937801,0,0
20,40,"x1_low__x2_high",-1.00038323772125,-0.765454615332396,-0.764480244341962,0,0
20,40,"x1_low__x2_low",0.100084151048005,0.190179649917776,0.299823285722072,0,0
20,100,"x1_high__x2_high",0.300091279479205,0.482276087911201,0.104076992067656,0,0
20,100,"x1_high__x2_low",1.39985569696892,1.1693013533726,1.18824531357045,0,0
20,100,"x1_low__x2_high",-1.00038323772125,-0.636251419873984,-0.648554612138571,0,0
20,100,"x1_low__x2_low",0.100084151048005,0.0607567908811589,0.421361695601411,0,0
20,250,"x1_high__x2_high",0.300091279479205,0.60015829283162,-0.0224807066579624,1,0
20,250,"x1_high__x2_low",1.39985569696892,1.02807527767681,1.0245269053189,0,0
20,250,"x1_low__x2_high",-1.00038323772125,-0.474751370626708,-0.486763034612837,0,0
20,250,"x1_low__x2_low",0.100084151048005,-0.052948464662136,0.547842570547465,1,0
20,500,"x1_high__x2_high",0.300091279479205,0.637415736653603,-0.0627487326721406,1,0
20,500,"x1_high__x2_low",1.39985569696892,0.922914062391151,0.895345240952245,0,0
20,500,"x1_low__x2_high",-1.00038323772125,-0.37541094437399,-0.368590911164163,0,0
20,500,"x1_low__x2_low",0.100084151048005,-0.0851988262358881,0.604958386112953,1,0
