"replication","dimension","raw_dimension","actual_mtry","method","metric","value"
1,40,48,27,"ordinary_default","cate_correlation",0.993742706577043
1,40,48,27,"ordinary_default","cate_rank_correlation",0.990816056993351
1,40,48,27,"ordinary_default","sign_reversal",0.1112
1,40,48,27,"ordinary_default","strong_reversal_010",0
1,40,48,27,"ordinary_default","strong_reversal_025",0
1,40,48,27,"ordinary_default","reversal_given_true_margin_025",0.00263486959628439
1,40,48,27,"ordinary_default","x1_wrong_sign_true_margin_025",0.000446588067166845
1,40,48,27,"ordinary_default","x2_wrong_sign_true_margin_025",0.00308145766345123
1,40,48,27,"ordinary_default","mean_absolute_prediction_change",0.0704891551738182
1,100,108,31,"ordinary_default","cate_correlation",0.929542883316109
1,100,108,31,"ordinary_default","cate_rank_correlation",0.849931589278146
1,100,108,31,"ordinary_default","sign_reversal",0.2403
1,100,108,31,"ordinary_default","strong_reversal_010",0.188366666666667
1,100,108,31,"ordinary_default","strong_reversal_025",0
1,100,108,31,"ordinary_default","reversal_given_true_margin_025",0.00937834941050375
1,100,108,31,"ordinary_default","x1_wrong_sign_true_margin_025",0.000133976420150054
1,100,108,31,"ordinary_default","x2_wrong_sign_true_margin_025",0.0092443729903537
1,100,108,31,"ordinary_default","mean_absolute_prediction_change",0.198813031557105
1,250,258,37,"ordinary_default","cate_correlation",0.743516591218786
1,250,258,37,"ordinary_default","cate_rank_correlation",0.79314255487327
1,250,258,37,"ordinary_default","sign_reversal",0.350333333333333
1,250,258,37,"ordinary_default","strong_reversal_010",0.245066666666667
1,250,258,37,"ordinary_default","strong_reversal_025",0.0319666666666667
1,250,258,37,"ordinary_default","reversal_given_true_margin_025",0.147329403358342
1,250,258,37,"ordinary_default","x1_wrong_sign_true_margin_025",0.000223294033583423
1,250,258,37,"ordinary_default","x2_wrong_sign_true_margin_025",0.147106109324759
1,250,258,37,"ordinary_default","mean_absolute_prediction_change",0.329671315861205
1,500,508,43,"ordinary_default","cate_correlation",0.567842683937189
1,500,508,43,"ordinary_default","cate_rank_correlation",0.775479295502977
1,500,508,43,"ordinary_default","sign_reversal",0.4868
1,500,508,43,"ordinary_default","strong_reversal_010",0.2692
1,500,508,43,"ordinary_default","strong_reversal_025",0.1289
1,500,508,43,"ordinary_default","reversal_given_true_margin_025",0.325919971418364
1,500,508,43,"ordinary_default","x1_wrong_sign_true_margin_025",0.000267952840300107
1,500,508,43,"ordinary_default","x2_wrong_sign_true_margin_025",0.325652018578064
1,500,508,43,"ordinary_default","mean_absolute_prediction_change",0.40002627766562
1,500,508,43,"class_sampled_default","cate_correlation",1
1,500,508,43,"class_sampled_default","cate_rank_correlation",1
1,500,508,43,"class_sampled_default","sign_reversal",0
1,500,508,43,"class_sampled_default","strong_reversal_010",0
1,500,508,43,"class_sampled_default","strong_reversal_025",0
1,500,508,43,"class_sampled_default","reversal_given_true_margin_025",0
1,500,508,43,"class_sampled_default","x1_wrong_sign_true_margin_025",0.000580564487316899
1,500,508,43,"class_sampled_default","x2_wrong_sign_true_margin_025",0.000580564487316899
1,500,508,43,"class_sampled_default","mean_absolute_prediction_change",0
2,40,48,27,"ordinary_default","cate_correlation",0.990817250070047
2,40,48,27,"ordinary_default","cate_rank_correlation",0.992909653603233
2,40,48,27,"ordinary_default","sign_reversal",0.0722333333333333
2,40,48,27,"ordinary_default","strong_reversal_010",1e-04
2,40,48,27,"ordinary_default","strong_reversal_025",0
2,40,48,27,"ordinary_default","reversal_given_true_margin_025",0.000222637812806127
2,40,48,27,"ordinary_default","x1_wrong_sign_true_margin_025",0.000712441000979606
2,40,48,27,"ordinary_default","x2_wrong_sign_true_margin_025",0.000846023688663283
2,40,48,27,"ordinary_default","mean_absolute_prediction_change",0.0811414176190586
2,100,108,31,"ordinary_default","cate_correlation",0.92139493233933
2,100,108,31,"ordinary_default","cate_rank_correlation",0.86872171204258
2,100,108,31,"ordinary_default","sign_reversal",0.238333333333333
2,100,108,31,"ordinary_default","strong_reversal_010",0.1134
2,100,108,31,"ordinary_default","strong_reversal_025",0
2,100,108,31,"ordinary_default","reversal_given_true_margin_025",0.00160299225220411
2,100,108,31,"ordinary_default","x1_wrong_sign_true_margin_025",0.00115771662659186
2,100,108,31,"ordinary_default","x2_wrong_sign_true_margin_025",0.00151393712708166
2,100,108,31,"ordinary_default","mean_absolute_prediction_change",0.192555495743358
2,250,258,37,"ordinary_default","cate_correlation",0.723236337504208
2,250,258,37,"ordinary_default","cate_rank_correlation",0.801953095365281
2,250,258,37,"ordinary_default","sign_reversal",0.322466666666667
2,250,258,37,"ordinary_default","strong_reversal_010",0.239533333333333
2,250,258,37,"ordinary_default","strong_reversal_025",0.0376
2,250,258,37,"ordinary_default","reversal_given_true_margin_025",0.104684299581441
2,250,258,37,"ordinary_default","x1_wrong_sign_true_margin_025",0.00342862231721436
2,250,258,37,"ordinary_default","x2_wrong_sign_true_margin_025",0.101700952889839
2,250,258,37,"ordinary_default","mean_absolute_prediction_change",0.316445581592306
2,500,508,43,"ordinary_default","cate_correlation",0.566307474792539
2,500,508,43,"ordinary_default","cate_rank_correlation",0.784415533992462
2,500,508,43,"ordinary_default","sign_reversal",0.446466666666667
2,500,508,43,"ordinary_default","strong_reversal_010",0.252066666666667
2,500,508,43,"ordinary_default","strong_reversal_025",0.0779
2,500,508,43,"ordinary_default","reversal_given_true_margin_025",0.269926084246148
2,500,508,43,"ordinary_default","x1_wrong_sign_true_margin_025",0.00400748063051029
2,500,508,43,"ordinary_default","x2_wrong_sign_true_margin_025",0.26636387924125
2,500,508,43,"ordinary_default","mean_absolute_prediction_change",0.371667070571532
2,500,508,43,"class_sampled_default","cate_correlation",1
2,500,508,43,"class_sampled_default","cate_rank_correlation",1
2,500,508,43,"class_sampled_default","sign_reversal",0
2,500,508,43,"class_sampled_default","strong_reversal_010",0
2,500,508,43,"class_sampled_default","strong_reversal_025",0
2,500,508,43,"class_sampled_default","reversal_given_true_margin_025",0
2,500,508,43,"class_sampled_default","x1_wrong_sign_true_margin_025",0.00948437082554101
2,500,508,43,"class_sampled_default","x2_wrong_sign_true_margin_025",0.00948437082554101
2,500,508,43,"class_sampled_default","mean_absolute_prediction_change",0
3,40,48,27,"ordinary_default","cate_correlation",0.99286496087019
3,40,48,27,"ordinary_default","cate_rank_correlation",0.984279201878088
3,40,48,27,"ordinary_default","sign_reversal",0.0163666666666667
3,40,48,27,"ordinary_default","strong_reversal_010",0
3,40,48,27,"ordinary_default","strong_reversal_025",0
3,40,48,27,"ordinary_default","reversal_given_true_margin_025",0.0012002667259391
3,40,48,27,"ordinary_default","x1_wrong_sign_true_margin_025",0.0015114469882196
3,40,48,27,"ordinary_default","x2_wrong_sign_true_margin_025",0.0027117137141587
3,40,48,27,"ordinary_default","mean_absolute_prediction_change",0.07443419561145
3,100,108,31,"ordinary_default","cate_correlation",0.927663556551804
3,100,108,31,"ordinary_default","cate_rank_correlation",0.819721397188135
3,100,108,31,"ordinary_default","sign_reversal",0.2147
3,100,108,31,"ordinary_default","strong_reversal_010",0.0149333333333333
3,100,108,31,"ordinary_default","strong_reversal_025",0
3,100,108,31,"ordinary_default","reversal_given_true_margin_025",0.00680151144698822
3,100,108,31,"ordinary_default","x1_wrong_sign_true_margin_025",0.00111135807957324
3,100,108,31,"ordinary_default","x2_wrong_sign_true_margin_025",0.00791286952656146
3,100,108,31,"ordinary_default","mean_absolute_prediction_change",0.196937875550689
3,250,258,37,"ordinary_default","cate_correlation",0.732505377755532
3,250,258,37,"ordinary_default","cate_rank_correlation",0.796797437478219
3,250,258,37,"ordinary_default","sign_reversal",0.3378
3,250,258,37,"ordinary_default","strong_reversal_010",0.237066666666667
3,250,258,37,"ordinary_default","strong_reversal_025",7e-04
3,250,258,37,"ordinary_default","reversal_given_true_margin_025",0.120649033118471
3,250,258,37,"ordinary_default","x1_wrong_sign_true_margin_025",0.000355634585463436
3,250,258,37,"ordinary_default","x2_wrong_sign_true_margin_025",0.120293398533007
3,250,258,37,"ordinary_default","mean_absolute_prediction_change",0.325979056888236
3,500,508,43,"ordinary_default","cate_correlation",0.561673875224501
3,500,508,43,"ordinary_default","cate_rank_correlation",0.787461459282068
3,500,508,43,"ordinary_default","sign_reversal",0.4702
3,500,508,43,"ordinary_default","strong_reversal_010",0.253933333333333
3,500,508,43,"ordinary_default","strong_reversal_025",0.00516666666666667
3,500,508,43,"ordinary_default","reversal_given_true_margin_025",0.296732607246055
3,500,508,43,"ordinary_default","x1_wrong_sign_true_margin_025",0.000755723494109802
3,500,508,43,"ordinary_default","x2_wrong_sign_true_margin_025",0.296065792398311
3,500,508,43,"ordinary_default","mean_absolute_prediction_change",0.384128593897248
3,500,508,43,"class_sampled_default","cate_correlation",1
3,500,508,43,"class_sampled_default","cate_rank_correlation",1
3,500,508,43,"class_sampled_default","sign_reversal",0
3,500,508,43,"class_sampled_default","strong_reversal_010",0
3,500,508,43,"class_sampled_default","strong_reversal_025",0
3,500,508,43,"class_sampled_default","reversal_given_true_margin_025",0
3,500,508,43,"class_sampled_default","x1_wrong_sign_true_margin_025",0.0123138475216715
3,500,508,43,"class_sampled_default","x2_wrong_sign_true_margin_025",0.0123138475216715
3,500,508,43,"class_sampled_default","mean_absolute_prediction_change",0
4,40,48,27,"ordinary_default","cate_correlation",0.993282091453833
4,40,48,27,"ordinary_default","cate_rank_correlation",0.959987018495541
4,40,48,27,"ordinary_default","sign_reversal",0.00936666666666667
4,40,48,27,"ordinary_default","strong_reversal_010",3.33333333333333e-05
4,40,48,27,"ordinary_default","strong_reversal_025",0
4,40,48,27,"ordinary_default","reversal_given_true_margin_025",0.0017426273458445
4,40,48,27,"ordinary_default","x1_wrong_sign_true_margin_025",0.00424486148346738
4,40,48,27,"ordinary_default","x2_wrong_sign_true_margin_025",0.00598748882931189
4,40,48,27,"ordinary_default","mean_absolute_prediction_change",0.0706225366736581
4,100,108,31,"ordinary_default","cate_correlation",0.923555849379072
4,100,108,31,"ordinary_default","cate_rank_correlation",0.808795331177328
4,100,108,31,"ordinary_default","sign_reversal",0.217333333333333
4,100,108,31,"ordinary_default","strong_reversal_010",0.0132666666666667
4,100,108,31,"ordinary_default","strong_reversal_025",0
4,100,108,31,"ordinary_default","reversal_given_true_margin_025",0.00942806076854334
4,100,108,31,"ordinary_default","x1_wrong_sign_true_margin_025",0.00250223413762288
4,100,108,31,"ordinary_default","x2_wrong_sign_true_margin_025",0.0119302949061662
4,100,108,31,"ordinary_default","mean_absolute_prediction_change",0.203021476789012
4,250,258,37,"ordinary_default","cate_correlation",0.712457262898384
4,250,258,37,"ordinary_default","cate_rank_correlation",0.784059347629399
4,250,258,37,"ordinary_default","sign_reversal",0.440766666666667
4,250,258,37,"ordinary_default","strong_reversal_010",0.249666666666667
4,250,258,37,"ordinary_default","strong_reversal_025",0.0016
4,250,258,37,"ordinary_default","reversal_given_true_margin_025",0.262868632707775
4,250,258,37,"ordinary_default","x1_wrong_sign_true_margin_025",0.000714924039320822
4,250,258,37,"ordinary_default","x2_wrong_sign_true_margin_025",0.263583556747096
4,250,258,37,"ordinary_default","mean_absolute_prediction_change",0.343379046364164
4,500,508,43,"ordinary_default","cate_correlation",0.556644331828399
4,500,508,43,"ordinary_default","cate_rank_correlation",0.770030673121812
4,500,508,43,"ordinary_default","sign_reversal",0.488366666666667
4,500,508,43,"ordinary_default","strong_reversal_010",0.2913
4,500,508,43,"ordinary_default","strong_reversal_025",0.00273333333333333
4,500,508,43,"ordinary_default","reversal_given_true_margin_025",0.320330652368186
4,500,508,43,"ordinary_default","x1_wrong_sign_true_margin_025",0.000580875781948168
4,500,508,43,"ordinary_default","x2_wrong_sign_true_margin_025",0.320911528150134
4,500,508,43,"ordinary_default","mean_absolute_prediction_change",0.394131588720356
4,500,508,43,"class_sampled_default","cate_correlation",1
4,500,508,43,"class_sampled_default","cate_rank_correlation",1
4,500,508,43,"class_sampled_default","sign_reversal",0
4,500,508,43,"class_sampled_default","strong_reversal_010",0
4,500,508,43,"class_sampled_default","strong_reversal_025",0
4,500,508,43,"class_sampled_default","reversal_given_true_margin_025",0
4,500,508,43,"class_sampled_default","x1_wrong_sign_true_margin_025",0.00116175156389634
4,500,508,43,"class_sampled_default","x2_wrong_sign_true_margin_025",0.00116175156389634
4,500,508,43,"class_sampled_default","mean_absolute_prediction_change",0
5,40,48,27,"ordinary_default","cate_correlation",0.99352534215784
5,40,48,27,"ordinary_default","cate_rank_correlation",0.98864490635005
5,40,48,27,"ordinary_default","sign_reversal",0.147433333333333
5,40,48,27,"ordinary_default","strong_reversal_010",3e-04
5,40,48,27,"ordinary_default","strong_reversal_025",0
5,40,48,27,"ordinary_default","reversal_given_true_margin_025",0.00102185889461525
5,40,48,27,"ordinary_default","x1_wrong_sign_true_margin_025",0.0093744446419051
5,40,48,27,"ordinary_default","x2_wrong_sign_true_margin_025",0.0103074462413364
5,40,48,27,"ordinary_default","mean_absolute_prediction_change",0.072754247486505
5,100,108,31,"ordinary_default","cate_correlation",0.935757371842446
5,100,108,31,"ordinary_default","cate_rank_correlation",0.90356899868841
5,100,108,31,"ordinary_default","sign_reversal",0.256533333333333
5,100,108,31,"ordinary_default","strong_reversal_010",0.216066666666667
5,100,108,31,"ordinary_default","strong_reversal_025",3.33333333333333e-05
5,100,108,31,"ordinary_default","reversal_given_true_margin_025",0.0207037497778568
5,100,108,31,"ordinary_default","x1_wrong_sign_true_margin_025",0.006797583081571
5,100,108,31,"ordinary_default","x2_wrong_sign_true_margin_025",0.0274124755642438
5,100,108,31,"ordinary_default","mean_absolute_prediction_change",0.195575621990826
5,250,258,37,"ordinary_default","cate_correlation",0.752830587507216
5,250,258,37,"ordinary_default","cate_rank_correlation",0.79780778641312
5,250,258,37,"ordinary_default","sign_reversal",0.413733333333333
5,250,258,37,"ordinary_default","strong_reversal_010",0.2659
5,250,258,37,"ordinary_default","strong_reversal_025",0.2099
5,250,258,37,"ordinary_default","reversal_given_true_margin_025",0.219832948285054
5,250,258,37,"ordinary_default","x1_wrong_sign_true_margin_025",0.00182157455127066
5,250,258,37,"ordinary_default","x2_wrong_sign_true_margin_025",0.221476808245957
5,250,258,37,"ordinary_default","mean_absolute_prediction_change",0.331202217698726
5,500,508,43,"ordinary_default","cate_correlation",0.586195055176418
5,500,508,43,"ordinary_default","cate_rank_correlation",0.782448539901387
5,500,508,43,"ordinary_default","sign_reversal",0.4808
5,500,508,43,"ordinary_default","strong_reversal_010",0.311
5,500,508,43,"ordinary_default","strong_reversal_025",0.227966666666667
5,500,508,43,"ordinary_default","reversal_given_true_margin_025",0.308290385640661
5,500,508,43,"ordinary_default","x1_wrong_sign_true_margin_025",0.00137728807535099
5,500,508,43,"ordinary_default","x2_wrong_sign_true_margin_025",0.309489959125644
5,500,508,43,"ordinary_default","mean_absolute_prediction_change",0.404575985310796
5,500,508,43,"class_sampled_default","cate_correlation",1
5,500,508,43,"class_sampled_default","cate_rank_correlation",1
5,500,508,43,"class_sampled_default","sign_reversal",0
5,500,508,43,"class_sampled_default","strong_reversal_010",0
5,500,508,43,"class_sampled_default","strong_reversal_025",0
5,500,508,43,"class_sampled_default","reversal_given_true_margin_025",0
5,500,508,43,"class_sampled_default","x1_wrong_sign_true_margin_025",0.00253243291274214
5,500,508,43,"class_sampled_default","x2_wrong_sign_true_margin_025",0.00253243291274214
5,500,508,43,"class_sampled_default","mean_absolute_prediction_change",0
6,40,48,27,"ordinary_default","cate_correlation",0.993283110736597
6,40,48,27,"ordinary_default","cate_rank_correlation",0.985005408464228
6,40,48,27,"ordinary_default","sign_reversal",0.1267
6,40,48,27,"ordinary_default","strong_reversal_010",0.000833333333333333
6,40,48,27,"ordinary_default","strong_reversal_025",0
6,40,48,27,"ordinary_default","reversal_given_true_margin_025",0.0179222627412612
6,40,48,27,"ordinary_default","x1_wrong_sign_true_margin_025",0.00329093658276261
6,40,48,27,"ordinary_default","x2_wrong_sign_true_margin_025",0.0212131993240238
6,40,48,27,"ordinary_default","mean_absolute_prediction_change",0.0750087507849613
6,100,108,31,"ordinary_default","cate_correlation",0.92919621743517
6,100,108,31,"ordinary_default","cate_rank_correlation",0.841349997738389
6,100,108,31,"ordinary_default","sign_reversal",0.269966666666667
6,100,108,31,"ordinary_default","strong_reversal_010",0.236566666666667
6,100,108,31,"ordinary_default","strong_reversal_025",6.66666666666667e-05
6,100,108,31,"ordinary_default","reversal_given_true_margin_025",0.0406919861246998
6,100,108,31,"ordinary_default","x1_wrong_sign_true_margin_025",0.00200124521924753
6,100,108,31,"ordinary_default","x2_wrong_sign_true_margin_025",0.0426932313439473
6,100,108,31,"ordinary_default","mean_absolute_prediction_change",0.210117118712453
6,250,258,37,"ordinary_default","cate_correlation",0.744913996935574
6,250,258,37,"ordinary_default","cate_rank_correlation",0.790292307724325
6,250,258,37,"ordinary_default","sign_reversal",0.458033333333333
6,250,258,37,"ordinary_default","strong_reversal_010",0.3064
6,250,258,37,"ordinary_default","strong_reversal_025",0.2138
6,250,258,37,"ordinary_default","reversal_given_true_margin_025",0.283865516321267
6,250,258,37,"ordinary_default","x1_wrong_sign_true_margin_025",0.00120074713154852
6,250,258,37,"ordinary_default","x2_wrong_sign_true_margin_025",0.284977319220849
6,250,258,37,"ordinary_default","mean_absolute_prediction_change",0.339032294417498
6,500,508,43,"ordinary_default","cate_correlation",0.567519760758082
6,500,508,43,"ordinary_default","cate_rank_correlation",0.779566917377297
6,500,508,43,"ordinary_default","sign_reversal",0.481733333333333
6,500,508,43,"ordinary_default","strong_reversal_010",0.452166666666667
6,500,508,43,"ordinary_default","strong_reversal_025",0.247566666666667
6,500,508,43,"ordinary_default","reversal_given_true_margin_025",0.313439473450147
6,500,508,43,"ordinary_default","x1_wrong_sign_true_margin_025",0.00111180289958196
6,500,508,43,"ordinary_default","x2_wrong_sign_true_margin_025",0.314195499421862
6,500,508,43,"ordinary_default","mean_absolute_prediction_change",0.413912310336445
6,500,508,43,"class_sampled_default","cate_correlation",1
6,500,508,43,"class_sampled_default","cate_rank_correlation",1
6,500,508,43,"class_sampled_default","sign_reversal",0
6,500,508,43,"class_sampled_default","strong_reversal_010",0
6,500,508,43,"class_sampled_default","strong_reversal_025",0
6,500,508,43,"class_sampled_default","reversal_given_true_margin_025",0
6,500,508,43,"class_sampled_default","x1_wrong_sign_true_margin_025",0.00195677310326425
6,500,508,43,"class_sampled_default","x2_wrong_sign_true_margin_025",0.00195677310326425
6,500,508,43,"class_sampled_default","mean_absolute_prediction_change",0
7,40,48,27,"ordinary_default","cate_correlation",0.992277708271941
7,40,48,27,"ordinary_default","cate_rank_correlation",0.97617214107708
7,40,48,27,"ordinary_default","sign_reversal",0.0231666666666667
7,40,48,27,"ordinary_default","strong_reversal_010",0
7,40,48,27,"ordinary_default","strong_reversal_025",0
7,40,48,27,"ordinary_default","reversal_given_true_margin_025",0.00223134594787576
7,40,48,27,"ordinary_default","x1_wrong_sign_true_margin_025",0.00249910746162085
7,40,48,27,"ordinary_default","x2_wrong_sign_true_margin_025",0.00473045340949661
7,40,48,27,"ordinary_default","mean_absolute_prediction_change",0.0722394430650104
7,100,108,31,"ordinary_default","cate_correlation",0.91881367351827
7,100,108,31,"ordinary_default","cate_rank_correlation",0.821262642295181
7,100,108,31,"ordinary_default","sign_reversal",0.256133333333333
7,100,108,31,"ordinary_default","strong_reversal_010",0.0550666666666667
7,100,108,31,"ordinary_default","strong_reversal_025",0
7,100,108,31,"ordinary_default","reversal_given_true_margin_025",0.019144948232774
7,100,108,31,"ordinary_default","x1_wrong_sign_true_margin_025",0.00165119600142806
7,100,108,31,"ordinary_default","x2_wrong_sign_true_margin_025",0.0207961442342021
7,100,108,31,"ordinary_default","mean_absolute_prediction_change",0.19240324597661
7,250,258,37,"ordinary_default","cate_correlation",0.718493251387421
7,250,258,37,"ordinary_default","cate_rank_correlation",0.794899923443222
7,250,258,37,"ordinary_default","sign_reversal",0.469566666666667
7,250,258,37,"ordinary_default","strong_reversal_010",0.2577
7,250,258,37,"ordinary_default","strong_reversal_025",0.0036
7,250,258,37,"ordinary_default","reversal_given_true_margin_025",0.297840057122456
7,250,258,37,"ordinary_default","x1_wrong_sign_true_margin_025",0.000357015351660121
7,250,258,37,"ordinary_default","x2_wrong_sign_true_margin_025",0.297661549446626
7,250,258,37,"ordinary_default","mean_absolute_prediction_change",0.305612634106846
7,500,508,43,"ordinary_default","cate_correlation",0.538026890542294
7,500,508,43,"ordinary_default","cate_rank_correlation",0.778869138440521
7,500,508,43,"ordinary_default","sign_reversal",0.4833
7,500,508,43,"ordinary_default","strong_reversal_010",0.3542
7,500,508,43,"ordinary_default","strong_reversal_025",0.026
7,500,508,43,"ordinary_default","reversal_given_true_margin_025",0.313816494109247
7,500,508,43,"ordinary_default","x1_wrong_sign_true_margin_025",0.000580149946447697
7,500,508,43,"ordinary_default","x2_wrong_sign_true_margin_025",0.313414851838629
7,500,508,43,"ordinary_default","mean_absolute_prediction_change",0.35531710319922
7,500,508,43,"class_sampled_default","cate_correlation",1
7,500,508,43,"class_sampled_default","cate_rank_correlation",1
7,500,508,43,"class_sampled_default","sign_reversal",0
7,500,508,43,"class_sampled_default","strong_reversal_010",0
7,500,508,43,"class_sampled_default","strong_reversal_025",0
7,500,508,43,"class_sampled_default","reversal_given_true_margin_025",0
7,500,508,43,"class_sampled_default","x1_wrong_sign_true_margin_025",0.00232059978579079
7,500,508,43,"class_sampled_default","x2_wrong_sign_true_margin_025",0.00232059978579079
7,500,508,43,"class_sampled_default","mean_absolute_prediction_change",0
8,40,48,27,"ordinary_default","cate_correlation",0.992579300185354
8,40,48,27,"ordinary_default","cate_rank_correlation",0.990446610396941
8,40,48,27,"ordinary_default","sign_reversal",0.195233333333333
8,40,48,27,"ordinary_default","strong_reversal_010",5e-04
8,40,48,27,"ordinary_default","strong_reversal_025",0
8,40,48,27,"ordinary_default","reversal_given_true_margin_025",8.88730892285816e-05
8,40,48,27,"ordinary_default","x1_wrong_sign_true_margin_025",0.000666548169214362
8,40,48,27,"ordinary_default","x2_wrong_sign_true_margin_025",0.000755421258442944
8,40,48,27,"ordinary_default","mean_absolute_prediction_change",0.0815247994626487
8,100,108,31,"ordinary_default","cate_correlation",0.932276089965958
8,100,108,31,"ordinary_default","cate_rank_correlation",0.950059529236066
8,100,108,31,"ordinary_default","sign_reversal",0.2351
8,100,108,31,"ordinary_default","strong_reversal_010",0.224166666666667
8,100,108,31,"ordinary_default","strong_reversal_025",3.33333333333333e-05
8,100,108,31,"ordinary_default","reversal_given_true_margin_025",0.00271062922147174
8,100,108,31,"ordinary_default","x1_wrong_sign_true_margin_025",0.000222182723071454
8,100,108,31,"ordinary_default","x2_wrong_sign_true_margin_025",0.00275506576608603
8,100,108,31,"ordinary_default","mean_absolute_prediction_change",0.203428433767702
8,250,258,37,"ordinary_default","cate_correlation",0.761772836416826
8,250,258,37,"ordinary_default","cate_rank_correlation",0.79906342085407
8,250,258,37,"ordinary_default","sign_reversal",0.2582
8,250,258,37,"ordinary_default","strong_reversal_010",0.235833333333333
8,250,258,37,"ordinary_default","strong_reversal_025",0.2023
8,250,258,37,"ordinary_default","reversal_given_true_margin_025",0.0255510131532172
8,250,258,37,"ordinary_default","x1_wrong_sign_true_margin_025",0.00128865979381443
8,250,258,37,"ordinary_default","x2_wrong_sign_true_margin_025",0.0244400995378599
8,250,258,37,"ordinary_default","mean_absolute_prediction_change",0.331708143804098
8,500,508,43,"ordinary_default","cate_correlation",0.598588642661935
8,500,508,43,"ordinary_default","cate_rank_correlation",0.781184255675538
8,500,508,43,"ordinary_default","sign_reversal",0.304166666666667
8,500,508,43,"ordinary_default","strong_reversal_010",0.239833333333333
8,500,508,43,"ordinary_default","strong_reversal_025",0.2134
8,500,508,43,"ordinary_default","reversal_given_true_margin_025",0.0836740135087096
8,500,508,43,"ordinary_default","x1_wrong_sign_true_margin_025",0.00319943121222894
8,500,508,43,"ordinary_default","x2_wrong_sign_true_margin_025",0.0806523284749378
8,500,508,43,"ordinary_default","mean_absolute_prediction_change",0.412606332511544
8,500,508,43,"class_sampled_default","cate_correlation",1
8,500,508,43,"class_sampled_default","cate_rank_correlation",1
8,500,508,43,"class_sampled_default","sign_reversal",0
8,500,508,43,"class_sampled_default","strong_reversal_010",0
8,500,508,43,"class_sampled_default","strong_reversal_025",0
8,500,508,43,"class_sampled_default","reversal_given_true_margin_025",0
8,500,508,43,"class_sampled_default","x1_wrong_sign_true_margin_025",0.0077319587628866
8,500,508,43,"class_sampled_default","x2_wrong_sign_true_margin_025",0.0077319587628866
8,500,508,43,"class_sampled_default","mean_absolute_prediction_change",0
9,40,48,27,"ordinary_default","cate_correlation",0.992453964177211
9,40,48,27,"ordinary_default","cate_rank_correlation",0.984378358560865
9,40,48,27,"ordinary_default","sign_reversal",0.0714666666666667
9,40,48,27,"ordinary_default","strong_reversal_010",0.000866666666666667
9,40,48,27,"ordinary_default","strong_reversal_025",0
9,40,48,27,"ordinary_default","reversal_given_true_margin_025",0.00553991868829022
9,40,48,27,"ordinary_default","x1_wrong_sign_true_margin_025",0.00183174730822499
9,40,48,27,"ordinary_default","x2_wrong_sign_true_margin_025",0.00370817138006523
9,40,48,27,"ordinary_default","mean_absolute_prediction_change",0.0729322090569676
9,100,108,31,"ordinary_default","cate_correlation",0.927744835158769
9,100,108,31,"ordinary_default","cate_rank_correlation",0.852507339201008
9,100,108,31,"ordinary_default","sign_reversal",0.231166666666667
9,100,108,31,"ordinary_default","strong_reversal_010",0.136633333333333
9,100,108,31,"ordinary_default","strong_reversal_025",0
9,100,108,31,"ordinary_default","reversal_given_true_margin_025",0.00965018094089264
9,100,108,31,"ordinary_default","x1_wrong_sign_true_margin_025",0.00308269668945182
9,100,108,31,"ordinary_default","x2_wrong_sign_true_margin_025",0.00656748425144083
9,100,108,31,"ordinary_default","mean_absolute_prediction_change",0.1952704572686
9,250,258,37,"ordinary_default","cate_correlation",0.740372084390228
9,250,258,37,"ordinary_default","cate_rank_correlation",0.79235458521195
9,250,258,37,"ordinary_default","sign_reversal",0.264966666666667
9,250,258,37,"ordinary_default","strong_reversal_010",0.2404
9,250,258,37,"ordinary_default","strong_reversal_025",0.0222
9,250,258,37,"ordinary_default","reversal_given_true_margin_025",0.0241254523522316
9,250,258,37,"ordinary_default","x1_wrong_sign_true_margin_025",0.0031720502166823
9,250,258,37,"ordinary_default","x2_wrong_sign_true_margin_025",0.0209534021355493
9,250,258,37,"ordinary_default","mean_absolute_prediction_change",0.325945773376528
9,500,508,43,"ordinary_default","cate_correlation",0.559640047454243
9,500,508,43,"ordinary_default","cate_rank_correlation",0.772884728294761
9,500,508,43,"ordinary_default","sign_reversal",0.457733333333333
9,500,508,43,"ordinary_default","strong_reversal_010",0.248466666666667
9,500,508,43,"ordinary_default","strong_reversal_025",0.148233333333333
9,500,508,43,"ordinary_default","reversal_given_true_margin_025",0.27954250994058
9,500,508,43,"ordinary_default","x1_wrong_sign_true_margin_025",0.0035741410892195
9,500,508,43,"ordinary_default","x2_wrong_sign_true_margin_025",0.27596836885136
9,500,508,43,"ordinary_default","mean_absolute_prediction_change",0.397158193933287
9,500,508,43,"class_sampled_default","cate_correlation",1
9,500,508,43,"class_sampled_default","cate_rank_correlation",1
9,500,508,43,"class_sampled_default","sign_reversal",0
9,500,508,43,"class_sampled_default","strong_reversal_010",0
9,500,508,43,"class_sampled_default","strong_reversal_025",0
9,500,508,43,"class_sampled_default","reversal_given_true_margin_025",0
9,500,508,43,"class_sampled_default","x1_wrong_sign_true_margin_025",0.005316534870214
9,500,508,43,"class_sampled_default","x2_wrong_sign_true_margin_025",0.005316534870214
9,500,508,43,"class_sampled_default","mean_absolute_prediction_change",0
10,40,48,27,"ordinary_default","cate_correlation",0.992834515187281
10,40,48,27,"ordinary_default","cate_rank_correlation",0.856628578213143
10,40,48,27,"ordinary_default","sign_reversal",0.00713333333333333
10,40,48,27,"ordinary_default","strong_reversal_010",0
10,40,48,27,"ordinary_default","strong_reversal_025",0
10,40,48,27,"ordinary_default","reversal_given_true_margin_025",0.00243848370649523
10,40,48,27,"ordinary_default","x1_wrong_sign_true_margin_025",0.0025714919086677
10,40,48,27,"ordinary_default","x2_wrong_sign_true_margin_025",0.00128574595433385
10,40,48,27,"ordinary_default","mean_absolute_prediction_change",0.0719614563083477
10,100,108,31,"ordinary_default","cate_correlation",0.922833709015507
10,100,108,31,"ordinary_default","cate_rank_correlation",0.805370594714412
10,100,108,31,"ordinary_default","sign_reversal",0.106366666666667
10,100,108,31,"ordinary_default","strong_reversal_010",0.0120666666666667
10,100,108,31,"ordinary_default","strong_reversal_025",0
10,100,108,31,"ordinary_default","reversal_given_true_margin_025",0.0597206827754378
10,100,108,31,"ordinary_default","x1_wrong_sign_true_margin_025",0.00540900022168034
10,100,108,31,"ordinary_default","x2_wrong_sign_true_margin_025",0.0543116825537575
10,100,108,31,"ordinary_default","mean_absolute_prediction_change",0.199667187318378
10,250,258,37,"ordinary_default","cate_correlation",0.715168465313825
10,250,258,37,"ordinary_default","cate_rank_correlation",0.793827043555363
10,250,258,37,"ordinary_default","sign_reversal",0.479966666666667
10,250,258,37,"ordinary_default","strong_reversal_010",0.337866666666667
10,250,258,37,"ordinary_default","strong_reversal_025",0.00676666666666667
10,250,258,37,"ordinary_default","reversal_given_true_margin_025",0.335091997339836
10,250,258,37,"ordinary_default","x1_wrong_sign_true_margin_025",0.00780314786078475
10,250,258,37,"ordinary_default","x2_wrong_sign_true_margin_025",0.327288849479051
10,250,258,37,"ordinary_default","mean_absolute_prediction_change",0.330004173943811
10,500,508,43,"ordinary_default","cate_correlation",0.540833323454772
10,500,508,43,"ordinary_default","cate_rank_correlation",0.781514283110127
10,500,508,43,"ordinary_default","sign_reversal",0.485533333333333
10,500,508,43,"ordinary_default","strong_reversal_010",0.467433333333333
10,500,508,43,"ordinary_default","strong_reversal_025",0.0107333333333333
10,500,508,43,"ordinary_default","reversal_given_true_margin_025",0.336422079361561
10,500,508,43,"ordinary_default","x1_wrong_sign_true_margin_025",0.00824650853469297
10,500,508,43,"ordinary_default","x2_wrong_sign_true_margin_025",0.328175570826868
10,500,508,43,"ordinary_default","mean_absolute_prediction_change",0.377592975351997
10,500,508,43,"class_sampled_default","cate_correlation",1
10,500,508,43,"class_sampled_default","cate_rank_correlation",1
10,500,508,43,"class_sampled_default","sign_reversal",0
10,500,508,43,"class_sampled_default","strong_reversal_010",0
10,500,508,43,"class_sampled_default","strong_reversal_025",0
10,500,508,43,"class_sampled_default","reversal_given_true_margin_025",0
10,500,508,43,"class_sampled_default","x1_wrong_sign_true_margin_025",0.0077144757260031
10,500,508,43,"class_sampled_default","x2_wrong_sign_true_margin_025",0.0077144757260031
10,500,508,43,"class_sampled_default","mean_absolute_prediction_change",0
11,40,48,27,"ordinary_default","cate_correlation",0.994950593418496
11,40,48,27,"ordinary_default","cate_rank_correlation",0.988507449261453
11,40,48,27,"ordinary_default","sign_reversal",0.0587666666666667
11,40,48,27,"ordinary_default","strong_reversal_010",0.000133333333333333
11,40,48,27,"ordinary_default","strong_reversal_025",0
11,40,48,27,"ordinary_default","reversal_given_true_margin_025",0.000623413634946787
11,40,48,27,"ordinary_default","x1_wrong_sign_true_margin_025",0.00160306363272031
11,40,48,27,"ordinary_default","x2_wrong_sign_true_margin_025",0.0022264772676671
11,40,48,27,"ordinary_default","mean_absolute_prediction_change",0.073068239765568
11,100,108,31,"ordinary_default","cate_correlation",0.940543649829765
11,100,108,31,"ordinary_default","cate_rank_correlation",0.852627116347363
11,100,108,31,"ordinary_default","sign_reversal",0.243066666666667
11,100,108,31,"ordinary_default","strong_reversal_010",0.1035
11,100,108,31,"ordinary_default","strong_reversal_025",3.33333333333333e-05
11,100,108,31,"ordinary_default","reversal_given_true_margin_025",0.00106870908848021
11,100,108,31,"ordinary_default","x1_wrong_sign_true_margin_025",0.00129135681524692
11,100,108,31,"ordinary_default","x2_wrong_sign_true_margin_025",0.00236006590372712
11,100,108,31,"ordinary_default","mean_absolute_prediction_change",0.206337835693271
11,250,258,37,"ordinary_default","cate_correlation",0.764977291616794
11,250,258,37,"ordinary_default","cate_rank_correlation",0.794016550928907
11,250,258,37,"ordinary_default","sign_reversal",0.279566666666667
11,250,258,37,"ordinary_default","strong_reversal_010",0.247566666666667
11,250,258,37,"ordinary_default","strong_reversal_025",0.0603333333333333
11,250,258,37,"ordinary_default","reversal_given_true_margin_025",0.0401211203633611
11,250,258,37,"ordinary_default","x1_wrong_sign_true_margin_025",0.000356236362826736
11,250,258,37,"ordinary_default","x2_wrong_sign_true_margin_025",0.0404773567261878
11,250,258,37,"ordinary_default","mean_absolute_prediction_change",0.345639352925973
11,500,508,43,"ordinary_default","cate_correlation",0.6115151273786
11,500,508,43,"ordinary_default","cate_rank_correlation",0.786627591204253
11,500,508,43,"ordinary_default","sign_reversal",0.480566666666667
11,500,508,43,"ordinary_default","strong_reversal_010",0.255633333333333
11,500,508,43,"ordinary_default","strong_reversal_025",0.129233333333333
11,500,508,43,"ordinary_default","reversal_given_true_margin_025",0.307342922028766
11,500,508,43,"ordinary_default","x1_wrong_sign_true_margin_025",0.000178118181413368
11,500,508,43,"ordinary_default","x2_wrong_sign_true_margin_025",0.307164803847353
11,500,508,43,"ordinary_default","mean_absolute_prediction_change",0.42000956480766
11,500,508,43,"class_sampled_default","cate_correlation",1
11,500,508,43,"class_sampled_default","cate_rank_correlation",1
11,500,508,43,"class_sampled_default","sign_reversal",0
11,500,508,43,"class_sampled_default","strong_reversal_010",0
11,500,508,43,"class_sampled_default","strong_reversal_025",0
11,500,508,43,"class_sampled_default","reversal_given_true_margin_025",0
11,500,508,43,"class_sampled_default","x1_wrong_sign_true_margin_025",0.000979649997773523
11,500,508,43,"class_sampled_default","x2_wrong_sign_true_margin_025",0.000979649997773523
11,500,508,43,"class_sampled_default","mean_absolute_prediction_change",0
12,40,48,27,"ordinary_default","cate_correlation",0.992344857721039
12,40,48,27,"ordinary_default","cate_rank_correlation",0.993174060970638
12,40,48,27,"ordinary_default","sign_reversal",0.114533333333333
12,40,48,27,"ordinary_default","strong_reversal_010",0
12,40,48,27,"ordinary_default","strong_reversal_025",0
12,40,48,27,"ordinary_default","reversal_given_true_margin_025",0.000356474467516264
12,40,48,27,"ordinary_default","x1_wrong_sign_true_margin_025",0.00231708403885572
12,40,48,27,"ordinary_default","x2_wrong_sign_true_margin_025",0.00258443988949292
12,40,48,27,"ordinary_default","mean_absolute_prediction_change",0.0795347975686195
12,100,108,31,"ordinary_default","cate_correlation",0.927459850998344
12,100,108,31,"ordinary_default","cate_rank_correlation",0.858070917995634
12,100,108,31,"ordinary_default","sign_reversal",0.2415
12,100,108,31,"ordinary_default","strong_reversal_010",0.1602
12,100,108,31,"ordinary_default","strong_reversal_025",0
12,100,108,31,"ordinary_default","reversal_given_true_margin_025",0.00303003297388825
12,100,108,31,"ordinary_default","x1_wrong_sign_true_margin_025",0.000846626860351127
12,100,108,31,"ordinary_default","x2_wrong_sign_true_margin_025",0.00334194813296498
12,100,108,31,"ordinary_default","mean_absolute_prediction_change",0.197809056343789
12,250,258,37,"ordinary_default","cate_correlation",0.746119203926553
12,250,258,37,"ordinary_default","cate_rank_correlation",0.79540342290467
12,250,258,37,"ordinary_default","sign_reversal",0.2566
12,250,258,37,"ordinary_default","strong_reversal_010",0.2403
12,250,258,37,"ordinary_default","strong_reversal_025",0.0074
12,250,258,37,"ordinary_default","reversal_given_true_margin_025",0.0151501648694412
12,250,258,37,"ordinary_default","x1_wrong_sign_true_margin_025",0.00147045717850459
12,250,258,37,"ordinary_default","x2_wrong_sign_true_margin_025",0.0138579449246948
12,250,258,37,"ordinary_default","mean_absolute_prediction_change",0.3046384948858
12,500,508,43,"ordinary_default","cate_correlation",0.579809909206251
12,500,508,43,"ordinary_default","cate_rank_correlation",0.779123600063915
12,500,508,43,"ordinary_default","sign_reversal",0.385866666666667
12,500,508,43,"ordinary_default","strong_reversal_010",0.245866666666667
12,500,508,43,"ordinary_default","strong_reversal_025",0.0208
12,500,508,43,"ordinary_default","reversal_given_true_margin_025",0.186347027894127
12,500,508,43,"ordinary_default","x1_wrong_sign_true_margin_025",0.00271811781481151
12,500,508,43,"ordinary_default","x2_wrong_sign_true_margin_025",0.183985384546832
12,500,508,43,"ordinary_default","mean_absolute_prediction_change",0.36422876818385
12,500,508,43,"class_sampled_default","cate_correlation",1
12,500,508,43,"class_sampled_default","cate_rank_correlation",1
12,500,508,43,"class_sampled_default","sign_reversal",0
12,500,508,43,"class_sampled_default","strong_reversal_010",0
12,500,508,43,"class_sampled_default","strong_reversal_025",0
12,500,508,43,"class_sampled_default","reversal_given_true_margin_025",0
12,500,508,43,"class_sampled_default","x1_wrong_sign_true_margin_025",0.0193387398627573
12,500,508,43,"class_sampled_default","x2_wrong_sign_true_margin_025",0.0193387398627573
12,500,508,43,"class_sampled_default","mean_absolute_prediction_change",0
13,40,48,27,"ordinary_default","cate_correlation",0.99350967421384
13,40,48,27,"ordinary_default","cate_rank_correlation",0.873288810374765
13,40,48,27,"ordinary_default","sign_reversal",0.00813333333333333
13,40,48,27,"ordinary_default","strong_reversal_010",0.000166666666666667
13,40,48,27,"ordinary_default","strong_reversal_025",0
13,40,48,27,"ordinary_default","reversal_given_true_margin_025",0.00769162368842255
13,40,48,27,"ordinary_default","x1_wrong_sign_true_margin_025",0.00751378267828561
13,40,48,27,"ordinary_default","x2_wrong_sign_true_margin_025",0.0152054063667082
13,40,48,27,"ordinary_default","mean_absolute_prediction_change",0.070710078492379
13,100,108,31,"ordinary_default","cate_correlation",0.929937655437918
13,100,108,31,"ordinary_default","cate_rank_correlation",0.805664521403627
13,100,108,31,"ordinary_default","sign_reversal",0.121833333333333
13,100,108,31,"ordinary_default","strong_reversal_010",0.0116666666666667
13,100,108,31,"ordinary_default","strong_reversal_025",0
13,100,108,31,"ordinary_default","reversal_given_true_margin_025",0.113551484972435
13,100,108,31,"ordinary_default","x1_wrong_sign_true_margin_025",0.00253423439445136
13,100,108,31,"ordinary_default","x2_wrong_sign_true_margin_025",0.116085719366886
13,100,108,31,"ordinary_default","mean_absolute_prediction_change",0.200551334683462
13,250,258,37,"ordinary_default","cate_correlation",0.737184020648704
13,250,258,37,"ordinary_default","cate_rank_correlation",0.790141387951268
13,250,258,37,"ordinary_default","sign_reversal",0.4693
13,250,258,37,"ordinary_default","strong_reversal_010",0.332666666666667
13,250,258,37,"ordinary_default","strong_reversal_025",0.0042
13,250,258,37,"ordinary_default","reversal_given_true_margin_025",0.32464876400498
13,250,258,37,"ordinary_default","x1_wrong_sign_true_margin_025",0.000444602525342344
13,250,258,37,"ordinary_default","x2_wrong_sign_true_margin_025",0.324382002489774
13,250,258,37,"ordinary_default","mean_absolute_prediction_change",0.338037564705106
13,500,508,43,"ordinary_default","cate_correlation",0.555375682061382
13,500,508,43,"ordinary_default","cate_rank_correlation",0.778037791080486
13,500,508,43,"ordinary_default","sign_reversal",0.4822
13,500,508,43,"ordinary_default","strong_reversal_010",0.456
13,500,508,43,"ordinary_default","strong_reversal_025",0.0103666666666667
13,500,508,43,"ordinary_default","reversal_given_true_margin_025",0.328694646985595
13,500,508,43,"ordinary_default","x1_wrong_sign_true_margin_025",0.00102258580828739
13,500,508,43,"ordinary_default","x2_wrong_sign_true_margin_025",0.327849902187444
13,500,508,43,"ordinary_default","mean_absolute_prediction_change",0.397465938528203
13,500,508,43,"class_sampled_default","cate_correlation",1
13,500,508,43,"class_sampled_default","cate_rank_correlation",1
13,500,508,43,"class_sampled_default","sign_reversal",0
13,500,508,43,"class_sampled_default","strong_reversal_010",0
13,500,508,43,"class_sampled_default","strong_reversal_025",0
13,500,508,43,"class_sampled_default","reversal_given_true_margin_025",0
13,500,508,43,"class_sampled_default","x1_wrong_sign_true_margin_025",0.00573537257691624
13,500,508,43,"class_sampled_default","x2_wrong_sign_true_margin_025",0.00573537257691624
13,500,508,43,"class_sampled_default","mean_absolute_prediction_change",0
14,40,48,27,"ordinary_default","cate_correlation",0.99230279824644
14,40,48,27,"ordinary_default","cate_rank_correlation",0.988798010811109
14,40,48,27,"ordinary_default","sign_reversal",0.0168333333333333
14,40,48,27,"ordinary_default","strong_reversal_010",0
14,40,48,27,"ordinary_default","strong_reversal_025",0
14,40,48,27,"ordinary_default","reversal_given_true_margin_025",8.87902330743618e-05
14,40,48,27,"ordinary_default","x1_wrong_sign_true_margin_025",0.000577136514983352
14,40,48,27,"ordinary_default","x2_wrong_sign_true_margin_025",0.00048834628190899
14,40,48,27,"ordinary_default","mean_absolute_prediction_change",0.081228499127355
14,100,108,31,"ordinary_default","cate_correlation",0.924716538441147
14,100,108,31,"ordinary_default","cate_rank_correlation",0.827069387214966
14,100,108,31,"ordinary_default","sign_reversal",0.241166666666667
14,100,108,31,"ordinary_default","strong_reversal_010",0.0208
14,100,108,31,"ordinary_default","strong_reversal_025",0
14,100,108,31,"ordinary_default","reversal_given_true_margin_025",0.00253052164261931
14,100,108,31,"ordinary_default","x1_wrong_sign_true_margin_025",0.00124306326304107
14,100,108,31,"ordinary_default","x2_wrong_sign_true_margin_025",0.00182019977802442
14,100,108,31,"ordinary_default","mean_absolute_prediction_change",0.202914799511583
14,250,258,37,"ordinary_default","cate_correlation",0.737286166351334
14,250,258,37,"ordinary_default","cate_rank_correlation",0.79400680373023
14,250,258,37,"ordinary_default","sign_reversal",0.312033333333333
14,250,258,37,"ordinary_default","strong_reversal_010",0.245466666666667
14,250,258,37,"ordinary_default","strong_reversal_025",3e-04
14,250,258,37,"ordinary_default","reversal_given_true_margin_025",0.0881243063263041
14,250,258,37,"ordinary_default","x1_wrong_sign_true_margin_025",0.00190899001109878
14,250,258,37,"ordinary_default","x2_wrong_sign_true_margin_025",0.0865704772475028
14,250,258,37,"ordinary_default","mean_absolute_prediction_change",0.311764696821293
14,500,508,43,"ordinary_default","cate_correlation",0.570830589330272
14,500,508,43,"ordinary_default","cate_rank_correlation",0.783118529051465
14,500,508,43,"ordinary_default","sign_reversal",0.467466666666667
14,500,508,43,"ordinary_default","strong_reversal_010",0.260733333333333
14,500,508,43,"ordinary_default","strong_reversal_025",0.00403333333333333
14,500,508,43,"ordinary_default","reversal_given_true_margin_025",0.294783573806881
14,500,508,43,"ordinary_default","x1_wrong_sign_true_margin_025",0.00253052164261931
14,500,508,43,"ordinary_default","x2_wrong_sign_true_margin_025",0.292519422863485
14,500,508,43,"ordinary_default","mean_absolute_prediction_change",0.371543412148094
14,500,508,43,"class_sampled_default","cate_correlation",1
14,500,508,43,"class_sampled_default","cate_rank_correlation",1
14,500,508,43,"class_sampled_default","sign_reversal",0
14,500,508,43,"class_sampled_default","strong_reversal_010",0
14,500,508,43,"class_sampled_default","strong_reversal_025",0
14,500,508,43,"class_sampled_default","reversal_given_true_margin_025",0
14,500,508,43,"class_sampled_default","x1_wrong_sign_true_margin_025",0.00452830188679245
14,500,508,43,"class_sampled_default","x2_wrong_sign_true_margin_025",0.00452830188679245
14,500,508,43,"class_sampled_default","mean_absolute_prediction_change",0
15,40,48,27,"ordinary_default","cate_correlation",0.993634296640984
15,40,48,27,"ordinary_default","cate_rank_correlation",0.989994465824883
15,40,48,27,"ordinary_default","sign_reversal",0.0392333333333333
15,40,48,27,"ordinary_default","strong_reversal_010",0.000233333333333333
15,40,48,27,"ordinary_default","strong_reversal_025",0
15,40,48,27,"ordinary_default","reversal_given_true_margin_025",0.00102692324864937
15,40,48,27,"ordinary_default","x1_wrong_sign_true_margin_025",4.46488368977988e-05
15,40,48,27,"ordinary_default","x2_wrong_sign_true_margin_025",0.00107157208554717
15,40,48,27,"ordinary_default","mean_absolute_prediction_change",0.0786142933758825
15,100,108,31,"ordinary_default","cate_correlation",0.936878206495879
15,100,108,31,"ordinary_default","cate_rank_correlation",0.858415657271573
15,100,108,31,"ordinary_default","sign_reversal",0.193133333333333
15,100,108,31,"ordinary_default","strong_reversal_010",0.0567333333333333
15,100,108,31,"ordinary_default","strong_reversal_025",6.66666666666667e-05
15,100,108,31,"ordinary_default","reversal_given_true_margin_025",0.00593829530740724
15,100,108,31,"ordinary_default","x1_wrong_sign_true_margin_025",4.46488368977988e-05
15,100,108,31,"ordinary_default","x2_wrong_sign_true_margin_025",0.00598294414430504
15,100,108,31,"ordinary_default","mean_absolute_prediction_change",0.208369498294818
15,250,258,37,"ordinary_default","cate_correlation",0.753603160982517
15,250,258,37,"ordinary_default","cate_rank_correlation",0.795884362322983
15,250,258,37,"ordinary_default","sign_reversal",0.2623
15,250,258,37,"ordinary_default","strong_reversal_010",0.253833333333333
15,250,258,37,"ordinary_default","strong_reversal_025",0.0411
15,250,258,37,"ordinary_default","reversal_given_true_margin_025",0.0160289324463098
15,250,258,37,"ordinary_default","x1_wrong_sign_true_margin_025",0.000446488368977988
15,250,258,37,"ordinary_default","x2_wrong_sign_true_margin_025",0.0155824440773318
15,250,258,37,"ordinary_default","mean_absolute_prediction_change",0.353960706229315
15,500,508,43,"ordinary_default","cate_correlation",0.567727462477123
15,500,508,43,"ordinary_default","cate_rank_correlation",0.782058639840065
15,500,508,43,"ordinary_default","sign_reversal",0.4475
15,500,508,43,"ordinary_default","strong_reversal_010",0.259633333333333
15,500,508,43,"ordinary_default","strong_reversal_025",0.0971333333333333
15,500,508,43,"ordinary_default","reversal_given_true_margin_025",0.263160244675626
15,500,508,43,"ordinary_default","x1_wrong_sign_true_margin_025",0.000580434879671385
15,500,508,43,"ordinary_default","x2_wrong_sign_true_margin_025",0.262579809795955
15,500,508,43,"ordinary_default","mean_absolute_prediction_change",0.437442199746933
15,500,508,43,"class_sampled_default","cate_correlation",1
15,500,508,43,"class_sampled_default","cate_rank_correlation",1
15,500,508,43,"class_sampled_default","sign_reversal",0
15,500,508,43,"class_sampled_default","strong_reversal_010",0
15,500,508,43,"class_sampled_default","strong_reversal_025",0
15,500,508,43,"class_sampled_default","reversal_given_true_margin_025",0
15,500,508,43,"class_sampled_default","x1_wrong_sign_true_margin_025",0.00848327901058177
15,500,508,43,"class_sampled_default","x2_wrong_sign_true_margin_025",0.00848327901058177
15,500,508,43,"class_sampled_default","mean_absolute_prediction_change",0
16,40,48,27,"ordinary_default","cate_correlation",0.992774619113845
16,40,48,27,"ordinary_default","cate_rank_correlation",0.986556677875285
16,40,48,27,"ordinary_default","sign_reversal",0.104233333333333
16,40,48,27,"ordinary_default","strong_reversal_010",0.000166666666666667
16,40,48,27,"ordinary_default","strong_reversal_025",0
16,40,48,27,"ordinary_default","reversal_given_true_margin_025",0.00173025732031943
16,40,48,27,"ordinary_default","x1_wrong_sign_true_margin_025",0.00102040816326531
16,40,48,27,"ordinary_default","x2_wrong_sign_true_margin_025",0.000798580301685892
16,40,48,27,"ordinary_default","mean_absolute_prediction_change",0.0816149410217103
16,100,108,31,"ordinary_default","cate_correlation",0.928808411713927
16,100,108,31,"ordinary_default","cate_rank_correlation",0.908998893024221
16,100,108,31,"ordinary_default","sign_reversal",0.233566666666667
16,100,108,31,"ordinary_default","strong_reversal_010",0.151066666666667
16,100,108,31,"ordinary_default","strong_reversal_025",0
16,100,108,31,"ordinary_default","reversal_given_true_margin_025",0.0176574977817214
16,100,108,31,"ordinary_default","x1_wrong_sign_true_margin_025",0.00408163265306122
16,100,108,31,"ordinary_default","x2_wrong_sign_true_margin_025",0.0136645962732919
16,100,108,31,"ordinary_default","mean_absolute_prediction_change",0.21467738958636
16,250,258,37,"ordinary_default","cate_correlation",0.738512847156705
16,250,258,37,"ordinary_default","cate_rank_correlation",0.777557989556398
16,250,258,37,"ordinary_default","sign_reversal",0.483166666666667
16,250,258,37,"ordinary_default","strong_reversal_010",0.246333333333333
16,250,258,37,"ordinary_default","strong_reversal_025",0.1953
16,250,258,37,"ordinary_default","reversal_given_true_margin_025",0.327817213842059
16,250,258,37,"ordinary_default","x1_wrong_sign_true_margin_025",0.00510204081632653
16,250,258,37,"ordinary_default","x2_wrong_sign_true_margin_025",0.322715173025732
16,250,258,37,"ordinary_default","mean_absolute_prediction_change",0.340576484392202
16,500,508,43,"ordinary_default","cate_correlation",0.574179262646223
16,500,508,43,"ordinary_default","cate_rank_correlation",0.762421878605802
16,500,508,43,"ordinary_default","sign_reversal",0.494366666666667
16,500,508,43,"ordinary_default","strong_reversal_010",0.422566666666667
16,500,508,43,"ordinary_default","strong_reversal_025",0.2228
16,500,508,43,"ordinary_default","reversal_given_true_margin_025",0.340505767524401
16,500,508,43,"ordinary_default","x1_wrong_sign_true_margin_025",0.00603371783496007
16,500,508,43,"ordinary_default","x2_wrong_sign_true_margin_025",0.334472049689441
16,500,508,43,"ordinary_default","mean_absolute_prediction_change",0.417445666967762
16,500,508,43,"class_sampled_default","cate_correlation",1
16,500,508,43,"class_sampled_default","cate_rank_correlation",1
16,500,508,43,"class_sampled_default","sign_reversal",0
16,500,508,43,"class_sampled_default","strong_reversal_010",0
16,500,508,43,"class_sampled_default","strong_reversal_025",0
16,500,508,43,"class_sampled_default","reversal_given_true_margin_025",0
16,500,508,43,"class_sampled_default","x1_wrong_sign_true_margin_025",0.00758651286601597
16,500,508,43,"class_sampled_default","x2_wrong_sign_true_margin_025",0.00758651286601597
16,500,508,43,"class_sampled_default","mean_absolute_prediction_change",0
17,40,48,27,"ordinary_default","cate_correlation",0.994073150312656
17,40,48,27,"ordinary_default","cate_rank_correlation",0.964249202802055
17,40,48,27,"ordinary_default","sign_reversal",0.106
17,40,48,27,"ordinary_default","strong_reversal_010",0.000233333333333333
17,40,48,27,"ordinary_default","strong_reversal_025",0
17,40,48,27,"ordinary_default","reversal_given_true_margin_025",0.00646360899592704
17,40,48,27,"ordinary_default","x1_wrong_sign_true_margin_025",0.00154949530724278
17,40,48,27,"ordinary_default","x2_wrong_sign_true_margin_025",0.00792456171418452
17,40,48,27,"ordinary_default","mean_absolute_prediction_change",0.0685325155402442
17,100,108,31,"ordinary_default","cate_correlation",0.933422267471291
17,100,108,31,"ordinary_default","cate_rank_correlation",0.812903648254782
17,100,108,31,"ordinary_default","sign_reversal",0.312333333333333
17,100,108,31,"ordinary_default","strong_reversal_010",0.161866666666667
17,100,108,31,"ordinary_default","strong_reversal_025",3.33333333333333e-05
17,100,108,31,"ordinary_default","reversal_given_true_margin_025",0.107579245617142
17,100,108,31,"ordinary_default","x1_wrong_sign_true_margin_025",0.000752612006375066
17,100,108,31,"ordinary_default","x2_wrong_sign_true_margin_025",0.106826633610767
17,100,108,31,"ordinary_default","mean_absolute_prediction_change",0.196014751443282
17,250,258,37,"ordinary_default","cate_correlation",0.738539918067103
17,250,258,37,"ordinary_default","cate_rank_correlation",0.791971450656413
17,250,258,37,"ordinary_default","sign_reversal",0.4777
17,250,258,37,"ordinary_default","strong_reversal_010",0.439066666666667
17,250,258,37,"ordinary_default","strong_reversal_025",0.0485666666666667
17,250,258,37,"ordinary_default","reversal_given_true_margin_025",0.318399149991146
17,250,258,37,"ordinary_default","x1_wrong_sign_true_margin_025",0.0023463786081105
17,250,258,37,"ordinary_default","x2_wrong_sign_true_margin_025",0.316052771383035
17,250,258,37,"ordinary_default","mean_absolute_prediction_change",0.331889270188657
17,500,508,43,"ordinary_default","cate_correlation",0.581422298592195
17,500,508,43,"ordinary_default","cate_rank_correlation",0.776738280293265
17,500,508,43,"ordinary_default","sign_reversal",0.4844
17,500,508,43,"ordinary_default","strong_reversal_010",0.468266666666667
17,500,508,43,"ordinary_default","strong_reversal_025",0.142733333333333
17,500,508,43,"ordinary_default","reversal_given_true_margin_025",0.324287232158668
17,500,508,43,"ordinary_default","x1_wrong_sign_true_margin_025",0.00256773508057376
17,500,508,43,"ordinary_default","x2_wrong_sign_true_margin_025",0.321719497078095
17,500,508,43,"ordinary_default","mean_absolute_prediction_change",0.38507003616182
17,500,508,43,"class_sampled_default","cate_correlation",1
17,500,508,43,"class_sampled_default","cate_rank_correlation",1
17,500,508,43,"class_sampled_default","sign_reversal",0
17,500,508,43,"class_sampled_default","strong_reversal_010",0
17,500,508,43,"class_sampled_default","strong_reversal_025",0
17,500,508,43,"class_sampled_default","reversal_given_true_margin_025",0
17,500,508,43,"class_sampled_default","x1_wrong_sign_true_margin_025",0.00146095271825748
17,500,508,43,"class_sampled_default","x2_wrong_sign_true_margin_025",0.00146095271825748
17,500,508,43,"class_sampled_default","mean_absolute_prediction_change",0
18,40,48,27,"ordinary_default","cate_correlation",0.992228428920067
18,40,48,27,"ordinary_default","cate_rank_correlation",0.993427165195808
18,40,48,27,"ordinary_default","sign_reversal",0.1049
18,40,48,27,"ordinary_default","strong_reversal_010",0
18,40,48,27,"ordinary_default","strong_reversal_025",0
18,40,48,27,"ordinary_default","reversal_given_true_margin_025",0.000486467362462409
18,40,48,27,"ordinary_default","x1_wrong_sign_true_margin_025",0.00428975765080488
18,40,48,27,"ordinary_default","x2_wrong_sign_true_margin_025",0.00477622501326729
18,40,48,27,"ordinary_default","mean_absolute_prediction_change",0.0887057201517042
18,100,108,31,"ordinary_default","cate_correlation",0.928351857032901
18,100,108,31,"ordinary_default","cate_rank_correlation",0.931086438572763
18,100,108,31,"ordinary_default","sign_reversal",0.239933333333333
18,100,108,31,"ordinary_default","strong_reversal_010",0.188266666666667
18,100,108,31,"ordinary_default","strong_reversal_025",0
18,100,108,31,"ordinary_default","reversal_given_true_margin_025",0.0115425437820626
18,100,108,31,"ordinary_default","x1_wrong_sign_true_margin_025",0.00349372014859367
18,100,108,31,"ordinary_default","x2_wrong_sign_true_margin_025",0.0150362639306563
18,100,108,31,"ordinary_default","mean_absolute_prediction_change",0.221293506035125
18,250,258,37,"ordinary_default","cate_correlation",0.745072446679024
18,250,258,37,"ordinary_default","cate_rank_correlation",0.798613447010015
18,250,258,37,"ordinary_default","sign_reversal",0.427666666666667
18,250,258,37,"ordinary_default","strong_reversal_010",0.258033333333333
18,250,258,37,"ordinary_default","strong_reversal_025",0.2191
18,250,258,37,"ordinary_default","reversal_given_true_margin_025",0.244029718733416
18,250,258,37,"ordinary_default","x1_wrong_sign_true_margin_025",0.00221121528392004
18,250,258,37,"ordinary_default","x2_wrong_sign_true_margin_025",0.246240934017336
18,250,258,37,"ordinary_default","mean_absolute_prediction_change",0.357559259153344
18,500,508,43,"ordinary_default","cate_correlation",0.588980364464901
18,500,508,43,"ordinary_default","cate_rank_correlation",0.7892497195005
18,500,508,43,"ordinary_default","sign_reversal",0.4822
18,500,508,43,"ordinary_default","strong_reversal_010",0.360666666666667
18,500,508,43,"ordinary_default","strong_reversal_025",0.2311
18,500,508,43,"ordinary_default","reversal_given_true_margin_025",0.31443481337343
18,500,508,43,"ordinary_default","x1_wrong_sign_true_margin_025",0.00141517778170883
18,500,508,43,"ordinary_default","x2_wrong_sign_true_margin_025",0.315849991155139
18,500,508,43,"ordinary_default","mean_absolute_prediction_change",0.43477077095137
18,500,508,43,"class_sampled_default","cate_correlation",1
18,500,508,43,"class_sampled_default","cate_rank_correlation",1
18,500,508,43,"class_sampled_default","sign_reversal",0
18,500,508,43,"class_sampled_default","strong_reversal_010",0
18,500,508,43,"class_sampled_default","strong_reversal_025",0
18,500,508,43,"class_sampled_default","reversal_given_true_margin_025",0
18,500,508,43,"class_sampled_default","x1_wrong_sign_true_margin_025",0.000796037502211215
18,500,508,43,"class_sampled_default","x2_wrong_sign_true_margin_025",0.000796037502211215
18,500,508,43,"class_sampled_default","mean_absolute_prediction_change",0
19,40,48,27,"ordinary_default","cate_correlation",0.991534118864386
19,40,48,27,"ordinary_default","cate_rank_correlation",0.98739586480244
19,40,48,27,"ordinary_default","sign_reversal",0.00826666666666667
19,40,48,27,"ordinary_default","strong_reversal_010",0
19,40,48,27,"ordinary_default","strong_reversal_025",0
19,40,48,27,"ordinary_default","reversal_given_true_margin_025",0.000223813786929275
19,40,48,27,"ordinary_default","x1_wrong_sign_true_margin_025",0.00017905102954342
19,40,48,27,"ordinary_default","x2_wrong_sign_true_margin_025",0.000223813786929275
19,40,48,27,"ordinary_default","mean_absolute_prediction_change",0.0818077607440238
19,100,108,31,"ordinary_default","cate_correlation",0.92095512656209
19,100,108,31,"ordinary_default","cate_rank_correlation",0.818662366966514
19,100,108,31,"ordinary_default","sign_reversal",0.2149
19,100,108,31,"ordinary_default","strong_reversal_010",0.0245333333333333
19,100,108,31,"ordinary_default","strong_reversal_025",0
19,100,108,31,"ordinary_default","reversal_given_true_margin_025",0.00957923008057296
19,100,108,31,"ordinary_default","x1_wrong_sign_true_margin_025",0.000492390331244405
19,100,108,31,"ordinary_default","x2_wrong_sign_true_margin_025",0.00908683974932856
19,100,108,31,"ordinary_default","mean_absolute_prediction_change",0.208348599178719
19,250,258,37,"ordinary_default","cate_correlation",0.729431384153411
19,250,258,37,"ordinary_default","cate_rank_correlation",0.78374277365927
19,250,258,37,"ordinary_default","sign_reversal",0.2685
19,250,258,37,"ordinary_default","strong_reversal_010",0.2467
19,250,258,37,"ordinary_default","strong_reversal_025",0.00353333333333333
19,250,258,37,"ordinary_default","reversal_given_true_margin_025",0.020680393912265
19,250,258,37,"ordinary_default","x1_wrong_sign_true_margin_025",0.00111906893464637
19,250,258,37,"ordinary_default","x2_wrong_sign_true_margin_025",0.0195613249776186
19,250,258,37,"ordinary_default","mean_absolute_prediction_change",0.327770413188183
19,500,508,43,"ordinary_default","cate_correlation",0.548955786521763
19,500,508,43,"ordinary_default","cate_rank_correlation",0.766357246589286
19,500,508,43,"ordinary_default","sign_reversal",0.461133333333333
19,500,508,43,"ordinary_default","strong_reversal_010",0.261
19,500,508,43,"ordinary_default","strong_reversal_025",0.0114
19,500,508,43,"ordinary_default","reversal_given_true_margin_025",0.278692927484333
19,500,508,43,"ordinary_default","x1_wrong_sign_true_margin_025",0.0013876454789615
19,500,508,43,"ordinary_default","x2_wrong_sign_true_margin_025",0.277305282005372
19,500,508,43,"ordinary_default","mean_absolute_prediction_change",0.39878490417694
19,500,508,43,"class_sampled_default","cate_correlation",1
19,500,508,43,"class_sampled_default","cate_rank_correlation",1
19,500,508,43,"class_sampled_default","sign_reversal",0
19,500,508,43,"class_sampled_default","strong_reversal_010",0
19,500,508,43,"class_sampled_default","strong_reversal_025",0
19,500,508,43,"class_sampled_default","reversal_given_true_margin_025",0
19,500,508,43,"class_sampled_default","x1_wrong_sign_true_margin_025",0.00523724261414503
19,500,508,43,"class_sampled_default","x2_wrong_sign_true_margin_025",0.00523724261414503
19,500,508,43,"class_sampled_default","mean_absolute_prediction_change",0
20,40,48,27,"ordinary_default","cate_correlation",0.992619903805479
20,40,48,27,"ordinary_default","cate_rank_correlation",0.913522805691025
20,40,48,27,"ordinary_default","sign_reversal",0.0239666666666667
20,40,48,27,"ordinary_default","strong_reversal_010",0.00113333333333333
20,40,48,27,"ordinary_default","strong_reversal_025",0
20,40,48,27,"ordinary_default","reversal_given_true_margin_025",0.0271111111111111
20,40,48,27,"ordinary_default","x1_wrong_sign_true_margin_025",0.00511111111111111
20,40,48,27,"ordinary_default","x2_wrong_sign_true_margin_025",0.0321333333333333
20,40,48,27,"ordinary_default","mean_absolute_prediction_change",0.0701675595878315
20,100,108,31,"ordinary_default","cate_correlation",0.920067715380574
20,100,108,31,"ordinary_default","cate_rank_correlation",0.810934505928594
20,100,108,31,"ordinary_default","sign_reversal",0.0638333333333333
20,100,108,31,"ordinary_default","strong_reversal_010",0.0240333333333333
20,100,108,31,"ordinary_default","strong_reversal_025",0
20,100,108,31,"ordinary_default","reversal_given_true_margin_025",0.0486666666666667
20,100,108,31,"ordinary_default","x1_wrong_sign_true_margin_025",0.00226666666666667
20,100,108,31,"ordinary_default","x2_wrong_sign_true_margin_025",0.0464
20,100,108,31,"ordinary_default","mean_absolute_prediction_change",0.200748098124292
20,250,258,37,"ordinary_default","cate_correlation",0.71737708444927
20,250,258,37,"ordinary_default","cate_rank_correlation",0.792664927908739
20,250,258,37,"ordinary_default","sign_reversal",0.412433333333333
20,250,258,37,"ordinary_default","strong_reversal_010",0.0663666666666667
20,250,258,37,"ordinary_default","strong_reversal_025",0.00133333333333333
20,250,258,37,"ordinary_default","reversal_given_true_margin_025",0.235866666666667
20,250,258,37,"ordinary_default","x1_wrong_sign_true_margin_025",0.00457777777777778
20,250,258,37,"ordinary_default","x2_wrong_sign_true_margin_025",0.231288888888889
20,250,258,37,"ordinary_default","mean_absolute_prediction_change",0.3213393432595
20,500,508,43,"ordinary_default","cate_correlation",0.545192128768643
20,500,508,43,"ordinary_default","cate_rank_correlation",0.778781753168424
20,500,508,43,"ordinary_default","sign_reversal",0.473266666666667
20,500,508,43,"ordinary_default","strong_reversal_010",0.143766666666667
20,500,508,43,"ordinary_default","strong_reversal_025",1e-04
20,500,508,43,"ordinary_default","reversal_given_true_margin_025",0.311688888888889
20,500,508,43,"ordinary_default","x1_wrong_sign_true_margin_025",0.00542222222222222
20,500,508,43,"ordinary_default","x2_wrong_sign_true_margin_025",0.306266666666667
20,500,508,43,"ordinary_default","mean_absolute_prediction_change",0.368062972368793
20,500,508,43,"class_sampled_default","cate_correlation",1
20,500,508,43,"class_sampled_default","cate_rank_correlation",1
20,500,508,43,"class_sampled_default","sign_reversal",0
20,500,508,43,"class_sampled_default","strong_reversal_010",0
20,500,508,43,"class_sampled_default","strong_reversal_025",0
20,500,508,43,"class_sampled_default","reversal_given_true_margin_025",0
20,500,508,43,"class_sampled_default","x1_wrong_sign_true_margin_025",0.0229777777777778
20,500,508,43,"class_sampled_default","x2_wrong_sign_true_margin_025",0.0229777777777778
20,500,508,43,"class_sampled_default","mean_absolute_prediction_change",0
