file,original,transformed,n,n_observed,unique_original,unique_transformed,same_missingness,increasing_weak_order,decreasing_weak_order,median_scale,max_relative_scaling_error
GE_HH-Analysis_AllHHs.dta,Mh1_10_housevalue_BL,Mh1_10_housevalue_PPP_BL,8239,8239,2,2,True,True,False,1.0,0.0
GE_HH-Analysis_AllHHs.dta,Mh1_10_housevalue_trim_BL,Mh1_10_housevalue_trim_PPP_BL,8239,8239,2,2,True,True,False,1.0,0.0
GE_HH-Analysis_AllHHs.dta,Mh1_10_housevalue_wins_BL,Mh1_10_housevalue_wins_PPP_BL,8239,8239,2,2,True,True,False,1.0,0.0
GE_HH-Analysis_AllHHs.dta,Mh1_11_landvalue_BL,Mh1_11_landvalue_PPP_BL,8239,8239,2,2,True,True,False,1.0,0.0
GE_HH-Analysis_AllHHs.dta,Mh1_11_landvalue_trim_BL,Mh1_11_landvalue_trim_PPP_BL,8239,8239,2,2,True,True,False,1.0,0.0
GE_HH-Analysis_AllHHs.dta,Mh1_11_landvalue_wins_BL,Mh1_11_landvalue_wins_PPP_BL,8239,8239,2,2,True,True,False,1.0,0.0
GE_HH-Analysis_AllHHs.dta,Mh1_12_loans_BL,Mh1_12_loans_PPP_BL,8239,8239,2,2,True,True,False,1.0,0.0
GE_HH-Analysis_AllHHs.dta,Mh1_12_loans_trim_BL,Mh1_12_loans_trim_PPP_BL,8239,8239,2,2,True,True,False,1.0,0.0
GE_HH-Analysis_AllHHs.dta,Mh1_13_loansgiven_BL,Mh1_13_loansgiven_PPP_BL,8239,8239,2,2,True,True,False,1.0,0.0
GE_HH-Analysis_AllHHs.dta,Mh1_13_loansgiven_trim_BL,Mh1_13_loansgiven_trim_PPP_BL,8239,8239,2,2,True,True,False,1.0,0.0
GE_HH-Analysis_AllHHs.dta,Mh1_13_loansgiven_wins_BL,Mh1_13_loansgiven_wins_PPP_BL,8239,8239,2,2,True,True,False,1.0,0.0
GE_HH-Analysis_AllHHs.dta,Mh1_1_livestock_BL,Mh1_1_livestock_PPP_BL,8239,8239,2,2,True,True,False,1.0,0.0
GE_HH-Analysis_AllHHs.dta,Mh1_1_livestock_trim_BL,Mh1_1_livestock_trim_PPP_BL,8239,8239,2,2,True,True,False,1.0,0.0
GE_HH-Analysis_AllHHs.dta,Mh1_1_livestock_wins_BL,Mh1_1_livestock_wins_PPP_BL,8239,8239,2,2,True,True,False,1.0,0.0
GE_HH-Analysis_AllHHs.dta,Mh1_2_agtools_BL,Mh1_2_agtools_PPP_BL,8239,8239,2,2,True,True,False,1.0,0.0
GE_HH-Analysis_AllHHs.dta,Mh1_2_agtools_trim_BL,Mh1_2_agtools_trim_PPP_BL,8239,8239,2,2,True,True,False,1.0,0.0
GE_HH-Analysis_AllHHs.dta,Mh1_2_agtools_wins_BL,Mh1_2_agtools_wins_PPP_BL,8239,8239,2,2,True,True,False,1.0,0.0
GE_HH-Analysis_AllHHs.dta,Mh1_3_furniture_BL,Mh1_3_furniture_PPP_BL,8239,8239,2,2,True,True,False,1.0,0.0
GE_HH-Analysis_AllHHs.dta,Mh1_3_furniture_trim_BL,Mh1_3_furniture_trim_PPP_BL,8239,8239,2,2,True,True,False,1.0,0.0
GE_HH-Analysis_AllHHs.dta,Mh1_3_furniture_wins_BL,Mh1_3_furniture_wins_PPP_BL,8239,8239,2,2,True,True,False,1.0,0.0
GE_HH-Analysis_AllHHs.dta,Mh1_4_radiotv_BL,Mh1_4_radiotv_PPP_BL,8239,8239,2,2,True,True,False,1.0,0.0
GE_HH-Analysis_AllHHs.dta,Mh1_4_radiotv_trim_BL,Mh1_4_radiotv_trim_PPP_BL,8239,8239,2,2,True,True,False,1.0,0.0
GE_HH-Analysis_AllHHs.dta,Mh1_4_radiotv_wins_BL,Mh1_4_radiotv_wins_PPP_BL,8239,8239,2,2,True,True,False,1.0,0.0
GE_HH-Analysis_AllHHs.dta,Mlandprice_BL,Mlandprice_PPP_BL,8239,8239,2,2,True,True,False,1.0,0.0
GE_HH-Analysis_AllHHs.dta,Mlandprice_wins_BL,Mlandprice_wins_PPP_BL,8239,8239,2,2,True,True,False,1.0,0.0
GE_HH-Analysis_AllHHs.dta,Mp1_assets_BL,Mp1_assets_PPP_BL,8239,8239,2,2,True,True,False,1.0,0.0
GE_HH-Analysis_AllHHs.dta,Mp1_assets_home_BL,Mp1_assets_home_PPP_BL,8239,8239,2,2,True,True,False,1.0,0.0
GE_HH-Analysis_AllHHs.dta,Mp1_assets_home_trim_BL,Mp1_assets_home_trim_PPP_BL,8239,8239,2,2,True,True,False,1.0,0.0
GE_HH-Analysis_AllHHs.dta,Mp1_assets_home_wins_BL,Mp1_assets_home_wins_PPP_BL,8239,8239,2,2,True,True,False,1.0,0.0
GE_HH-Analysis_AllHHs.dta,Mp1_assets_trim2_BL,Mp1_assets_trim2_PPP_BL,8239,8239,2,2,True,True,False,1.0,0.0
GE_HH-Analysis_AllHHs.dta,Mp1_assets_trim_BL,Mp1_assets_trim_PPP_BL,8239,8239,2,2,True,True,False,1.0,0.0
GE_HH-Analysis_AllHHs.dta,Mp1_assets_wins2_BL,Mp1_assets_wins2_PPP_BL,8239,8239,2,2,True,True,False,1.0,0.0
GE_HH-Analysis_AllHHs.dta,Mp1_assets_wins_BL,Mp1_assets_wins_PPP_BL,8239,8239,2,2,True,True,False,1.0,0.0
GE_HH-Analysis_AllHHs.dta,Mp3_2_nonagprofit_BL,Mp3_2_nonagprofit_PPP_BL,8239,8239,2,2,True,True,False,1.0,0.0
GE_HH-Analysis_AllHHs.dta,Mp3_2_nonagprofit_trim_BL,Mp3_2_nonagprofit_trim_PPP_BL,8239,8239,2,2,True,True,False,1.0,0.0
GE_HH-Analysis_AllHHs.dta,Mp3_2_nonagprofit_wins_BL,Mp3_2_nonagprofit_wins_PPP_BL,8239,8239,2,2,True,True,False,1.0,0.0
GE_HH-Analysis_AllHHs.dta,Mp3_3_wageearnings_BL,Mp3_3_wageearnings_PPP_BL,8239,8239,2,2,True,True,False,1.0,0.0
GE_HH-Analysis_AllHHs.dta,Mp3_3_wageearnings_trim_BL,Mp3_3_wageearnings_trim_PPP_BL,8239,8239,2,2,True,True,False,1.0,0.0
GE_HH-Analysis_AllHHs.dta,Mp3_3_wageearnings_wins_BL,Mp3_3_wageearnings_wins_PPP_BL,8239,8239,2,2,True,True,False,1.0,0.0
GE_HH-Analysis_AllHHs.dta,Mp3_totincome_BL,Mp3_totincome_PPP_BL,8239,8239,2,2,True,True,False,1.0,0.0
GE_HH-Analysis_AllHHs.dta,Mp3_totincome_trim_BL,Mp3_totincome_trim_PPP_BL,8239,8239,2,2,True,True,False,1.0,0.0
GE_HH-Analysis_AllHHs.dta,Mp3_totincome_wins_BL,Mp3_totincome_wins_PPP_BL,8239,8239,2,2,True,True,False,1.0,0.0
GE_HH-Analysis_AllHHs.dta,Mp4_2_nonagrevenue_BL,Mp4_2_nonagrevenue_PPP_BL,8239,8239,2,2,True,True,False,1.0,0.0
GE_HH-Analysis_AllHHs.dta,Mp4_2_nonagrevenue_trim_BL,Mp4_2_nonagrevenue_trim_PPP_BL,8239,8239,2,2,True,True,False,1.0,0.0
GE_HH-Analysis_AllHHs.dta,Mp4_2_nonagrevenue_wins_BL,Mp4_2_nonagrevenue_wins_PPP_BL,8239,8239,2,2,True,True,False,1.0,0.0
GE_HH-Analysis_AllHHs.dta,Mp4_4_totcosts_BL,Mp4_4_totcosts_PPP_BL,8239,8239,2,2,True,True,False,1.0,0.0
GE_HH-Analysis_AllHHs.dta,Mp4_4_totcosts_trim_BL,Mp4_4_totcosts_trim_PPP_BL,8239,8239,2,2,True,True,False,1.0,0.0
GE_HH-Analysis_AllHHs.dta,Mp4_4_totcosts_wins_BL,Mp4_4_totcosts_wins_PPP_BL,8239,8239,2,2,True,True,False,1.0,0.0
GE_HH-Analysis_AllHHs.dta,Mp4_5_agcosts_BL,Mp4_5_agcosts_PPP_BL,8239,8239,2,2,True,True,False,1.0,0.0
GE_HH-Analysis_AllHHs.dta,Mp4_5_agcosts_trim_BL,Mp4_5_agcosts_trim_PPP_BL,8239,8239,2,2,True,True,False,1.0,0.0
GE_HH-Analysis_AllHHs.dta,Mp4_5_agcosts_wins_BL,Mp4_5_agcosts_wins_PPP_BL,8239,8239,2,2,True,True,False,1.0,0.0
GE_HH-Analysis_AllHHs.dta,Mp4_6_nonagcosts_BL,Mp4_6_nonagcosts_PPP_BL,8239,8239,2,2,True,True,False,1.0,0.0
GE_HH-Analysis_AllHHs.dta,Mp4_6_nonagcosts_trim_BL,Mp4_6_nonagcosts_trim_PPP_BL,8239,8239,2,2,True,True,False,1.0,0.0
GE_HH-Analysis_AllHHs.dta,Mp4_6_nonagcosts_wins_BL,Mp4_6_nonagcosts_wins_PPP_BL,8239,8239,2,2,True,True,False,1.0,0.0
GE_HH-Analysis_AllHHs.dta,Mp4_totrevenue_BL,Mp4_totrevenue_PPP_BL,8239,8239,2,2,True,True,False,1.0,0.0
GE_HH-Analysis_AllHHs.dta,Mp4_totrevenue_trim_BL,Mp4_totrevenue_trim_PPP_BL,8239,8239,2,2,True,True,False,1.0,0.0
GE_HH-Analysis_AllHHs.dta,Mp4_totrevenue_wins_BL,Mp4_totrevenue_wins_PPP_BL,8239,8239,2,2,True,True,False,1.0,0.0
GE_HH-Analysis_AllHHs.dta,Mtotval_hhassets_BL,Mtotval_hhassets_PPP_BL,8239,8239,2,2,True,True,False,1.0,0.0
GE_HH-Analysis_AllHHs.dta,Mtotval_hhassets_wins_BL,Mtotval_hhassets_wins_PPP_BL,8239,8239,2,2,True,True,False,1.0,0.0
GE_HH-Analysis_AllHHs.dta,amttransrec,amttransrec_PPP,8239,8239,858,858,True,True,False,0.021510002136230468,5.3844586922653386e-08
GE_HH-Analysis_AllHHs.dta,amttransrecHH_f4,amttransrecHH_f4_PPP,8239,8239,843,843,True,True,False,0.021510002136230468,5.3844586922653386e-08
GE_HH-Analysis_AllHHs.dta,amttransrecHH_f4_wins,amttransrecHH_f4_wins_PPP,8239,8239,788,788,True,True,False,0.021510002136230468,3.1528049812300906e-08
GE_HH-Analysis_AllHHs.dta,amttransrec_GD,amttransrec_GD_PPP,8239,8239,88,88,True,True,False,0.021510002136230468,3.183120367423037e-08
GE_HH-Analysis_AllHHs.dta,amttransrec_HH,amttransrec_HH_PPP,8239,8239,843,843,True,True,False,0.021510002136230468,5.3844586922653386e-08
GE_HH-Analysis_AllHHs.dta,amttransrec_f4,amttransrec_f4_PPP,8239,8239,1131,1131,True,True,False,0.021510002136230468,5.3844586922653386e-08
GE_HH-Analysis_AllHHs.dta,amttransrec_mostrecent,amttransrec_mostrecent_PPP,8239,7034,954,954,True,True,False,0.021510002136230468,5.274885410572052e-08
GE_HH-Analysis_AllHHs.dta,amttransrec_noGD_translist,amttransrec_noGD_translist_PPP,8239,8239,877,877,True,True,False,0.021510002136230468,5.3844586922653386e-08
GE_HH-Analysis_AllHHs.dta,amttransrec_svy,amttransrec_svy_PPP,8239,8239,1092,1092,True,True,False,0.021510002136230468,5.3844586922653386e-08
GE_HH-Analysis_AllHHs.dta,amttransrec_wins,amttransrec_wins_PPP,8239,8239,813,813,True,True,False,0.021510002136230468,2.8954330566032842e-08
GE_HH-Analysis_AllHHs.dta,amttranssent,amttranssent_PPP,8239,8239,437,437,True,True,False,0.021510002136230468,2.187889545318584e-08
GE_HH-Analysis_AllHHs.dta,amttranssentHH_f4,amttranssentHH_f4_PPP,8239,8044,444,444,True,True,False,0.021510002136230468,2.19515320524163e-08
GE_HH-Analysis_AllHHs.dta,amttranssentHH_f4_neg,amttranssentHH_f4_neg_PPP,8239,8044,444,444,True,True,False,0.021510002136230468,2.19515320524163e-08
GE_HH-Analysis_AllHHs.dta,amttranssentHH_f4_wins,amttranssentHH_f4_wins_PPP,8239,8044,396,396,True,True,False,0.021510002136230468,3.346137171065347e-08
GE_HH-Analysis_AllHHs.dta,amttranssent_f4,amttranssent_f4_PPP,8239,8239,444,444,True,True,False,0.021510002136230468,1.5988423600405037e-08
GE_HH-Analysis_AllHHs.dta,amttranssent_mostrecent,amttranssent_mostrecent_PPP,8239,4859,397,397,True,True,False,0.021510002136230468,1.7250667568858066e-08
GE_HH-Analysis_AllHHs.dta,amttranssent_svy,amttranssent_svy_PPP,8239,8239,438,438,True,True,False,0.021510002136230468,2.187889545318584e-08
GE_HH-Analysis_AllHHs.dta,amttranssent_wins,amttranssent_wins_PPP,8239,8239,389,389,True,True,False,0.021510002136230468,4.729207471845136e-08
GE_HH-Analysis_AllHHs.dta,assets_agtools,assets_agtools_PPP,8239,8232,316,316,True,True,False,0.021510002136230468,2.364603735922568e-08
GE_HH-Analysis_AllHHs.dta,assets_agtools_wins,assets_agtools_wins_PPP,8239,8232,260,260,True,True,False,0.021510002136230468,3.378005200101205e-08
GE_HH-Analysis_AllHHs.dta,assets_livestock,assets_livestock_PPP,8239,8232,1074,1074,True,True,False,0.021510002136230468,3.048821314168034e-08
GE_HH-Analysis_AllHHs.dta,assets_livestock_wins,assets_livestock_wins_PPP,8239,8232,1000,1000,True,True,False,0.021510002136230468,3.340689997676998e-08
GE_HH-Analysis_AllHHs.dta,assets_nonprod,assets_nonprod_PPP,8239,8232,2114,2114,True,True,False,0.021510002183618013,3.187713061285838e-08
GE_HH-Analysis_AllHHs.dta,assets_nonprod_wins,assets_nonprod_wins_PPP,8239,8232,2037,2037,True,True,False,0.021510002199283316,4.8322478834290906e-08
GE_HH-Analysis_AllHHs.dta,assets_pot_prod,assets_pot_prod_PPP,8239,8232,1689,1689,True,True,False,0.021510002136230468,1.5080713923786106e-08
GE_HH-Analysis_AllHHs.dta,assets_pot_prod_wins,assets_pot_prod_wins_PPP,8239,8232,1608,1608,True,True,False,0.021510002136230468,4.350501298588358e-08
GE_HH-Analysis_AllHHs.dta,assets_prod_nonag,assets_prod_nonag_PPP,8239,8232,841,841,True,True,False,0.021510002136230468,4.5142431853242834e-08
GE_HH-Analysis_AllHHs.dta,assets_prod_nonag_wins,assets_prod_nonag_wins_PPP,8239,8232,762,762,True,True,False,0.021510002136230468,4.948428057441506e-08
GE_HH-Analysis_AllHHs.dta,durables_exp,durables_exp_PPP,8239,8225,540,540,True,True,False,0.021510002136230468,8.512573320496524e-09
GE_HH-Analysis_AllHHs.dta,durables_exp_pc,durables_exp_pc_PPP,8239,8225,856,856,True,True,False,0.021510002136230468,7.39355819582038e-09
GE_HH-Analysis_AllHHs.dta,durables_exp_pc_trim,durables_exp_pc_trim_PPP,8239,8147,811,811,True,True,False,0.021510002136230468,3.546905520013592e-08
GE_HH-Analysis_AllHHs.dta,durables_exp_pc_wins,durables_exp_pc_wins_PPP,8239,8225,811,811,True,True,False,0.021510002136230468,3.546905520013592e-08
GE_HH-Analysis_AllHHs.dta,durables_exp_trim,durables_exp_trim_PPP,8239,8144,493,493,True,True,False,0.021510002136230468,3.299446913713854e-08
GE_HH-Analysis_AllHHs.dta,durables_exp_wins,durables_exp_wins_PPP,8239,8225,493,493,True,True,False,0.021510002136230468,3.299446913713854e-08
GE_HH-Analysis_AllHHs.dta,h1_10_housevalue,h1_10_housevalue_PPP,8239,8188,191,191,True,True,False,0.021510002136230468,1.6911645233421057e-08
GE_HH-Analysis_AllHHs.dta,h1_10_housevalue_BL,h1_10_housevalue_PPP_BL,8239,8239,201,201,True,True,False,0.021510002136230468,1.7781819717396975e-08
GE_HH-Analysis_AllHHs.dta,h1_10_housevalue_trim,h1_10_housevalue_trim_PPP,8239,8115,176,176,True,True,False,0.021510002136230468,1.915328997111718e-08
GE_HH-Analysis_AllHHs.dta,h1_10_housevalue_trim_BL,h1_10_housevalue_trim_PPP_BL,8239,8239,192,192,True,True,False,0.021510002136230468,1.631576553095167e-08
GE_HH-Analysis_AllHHs.dta,h1_10_housevalue_wins,h1_10_housevalue_wins_PPP,8239,8188,176,176,True,True,False,0.021510002136230468,1.915328997111718e-08
GE_HH-Analysis_AllHHs.dta,h1_10_housevalue_wins_BL,h1_10_housevalue_wins_PPP_BL,8239,8239,192,192,True,True,False,0.021510002136230468,1.631576553095167e-08
GE_HH-Analysis_AllHHs.dta,h1_11_landvalue,h1_11_landvalue_PPP,8239,8230,2459,2449,True,False,False,0.02151000217013889,2.5418978378411907e-08
GE_HH-Analysis_AllHHs.dta,h1_11_landvalue_BL,h1_11_landvalue_PPP_BL,8239,8239,2019,2012,True,False,False,0.02151000198143116,1.1927317441698007e-09
GE_HH-Analysis_AllHHs.dta,h1_11_landvalue_trim,h1_11_landvalue_trim_PPP,8239,8150,2393,2383,True,False,False,0.02151000217013889,3.8562307799131904e-08
GE_HH-Analysis_AllHHs.dta,h1_11_landvalue_trim_BL,h1_11_landvalue_trim_PPP_BL,8239,8239,1956,1949,True,False,False,0.021510002175013483,3.8266260431905974e-08
GE_HH-Analysis_AllHHs.dta,h1_11_landvalue_wins,h1_11_landvalue_wins_PPP,8239,8230,2393,2383,True,False,False,0.02151000217013889,3.8562307799131904e-08
GE_HH-Analysis_AllHHs.dta,h1_11_landvalue_wins_BL,h1_11_landvalue_wins_PPP_BL,8239,8239,1956,1949,True,False,False,0.021510001987301946,4.505202936004448e-08
GE_HH-Analysis_AllHHs.dta,h1_12_loans,h1_12_loans_PPP,8239,8228,332,332,True,True,False,0.021510002136230468,3.0402046390117764e-08
GE_HH-Analysis_AllHHs.dta,h1_12_loans_BL,h1_12_loans_PPP_BL,8239,8239,269,269,True,True,False,0.021510002136230468,1.4606157079430102e-08
GE_HH-Analysis_AllHHs.dta,h1_12_loans_trim,h1_12_loans_trim_PPP,8239,8148,290,290,True,True,False,0.021510002136230468,3.1035423300118926e-08
GE_HH-Analysis_AllHHs.dta,h1_12_loans_trim_BL,h1_12_loans_trim_PPP_BL,8239,8239,224,224,True,True,False,0.021510002136230468,3.8205238254632246e-08
GE_HH-Analysis_AllHHs.dta,h1_12_loans_wins,h1_12_loans_wins_PPP,8239,8228,290,290,True,True,False,0.021510002136230468,3.1035423300118926e-08
GE_HH-Analysis_AllHHs.dta,h1_13_loansgiven,h1_13_loansgiven_PPP,8239,8227,114,114,True,True,False,0.021510002136230468,3.546905603883852e-08
GE_HH-Analysis_AllHHs.dta,h1_13_loansgiven_BL,h1_13_loansgiven_PPP_BL,8239,8239,98,98,True,True,False,0.021510002136230468,3.941005978033148e-08
GE_HH-Analysis_AllHHs.dta,h1_13_loansgiven_trim,h1_13_loansgiven_trim_PPP,8239,8152,92,92,True,True,False,0.021510002136230468,4.4336319000169896e-08
GE_HH-Analysis_AllHHs.dta,h1_13_loansgiven_trim_BL,h1_13_loansgiven_trim_PPP_BL,8239,8239,77,77,True,True,False,0.021510002136230468,2.860407644702588e-08
GE_HH-Analysis_AllHHs.dta,h1_13_loansgiven_wins,h1_13_loansgiven_wins_PPP,8239,8227,92,92,True,True,False,0.021510002136230468,4.4336319000169896e-08
GE_HH-Analysis_AllHHs.dta,h1_13_loansgiven_wins_BL,h1_13_loansgiven_wins_PPP_BL,8239,8239,77,77,True,True,False,0.021510002136230468,2.860407644702588e-08
GE_HH-Analysis_AllHHs.dta,h1_1_livestock,h1_1_livestock_PPP,8239,8232,1074,1074,True,True,False,0.021510002136230468,3.048821314168034e-08
GE_HH-Analysis_AllHHs.dta,h1_1_livestock_BL,h1_1_livestock_PPP_BL,8239,8239,1021,1021,True,True,False,0.021510002136230468,1.494414968253664e-08
GE_HH-Analysis_AllHHs.dta,h1_1_livestock_trim,h1_1_livestock_trim_PPP,8239,8151,1008,1008,True,True,False,0.021510002136230468,4.930675842838913e-08
GE_HH-Analysis_AllHHs.dta,h1_1_livestock_trim_BL,h1_1_livestock_trim_PPP_BL,8239,8239,959,959,True,True,False,0.021510002136230468,5.3844586922653386e-08
GE_HH-Analysis_AllHHs.dta,h1_1_livestock_wins,h1_1_livestock_wins_PPP,8239,8232,1008,1008,True,True,False,0.021510002136230468,4.930675842838913e-08
GE_HH-Analysis_AllHHs.dta,h1_1_livestock_wins_BL,h1_1_livestock_wins_PPP_BL,8239,8239,959,959,True,True,False,0.021510002136230468,5.3844586922653386e-08
GE_HH-Analysis_AllHHs.dta,h1_2_agtools,h1_2_agtools_PPP,8239,8232,316,316,True,True,False,0.021510002136230468,2.364603735922568e-08
GE_HH-Analysis_AllHHs.dta,h1_2_agtools_BL,h1_2_agtools_PPP_BL,8239,8239,305,305,True,True,False,0.021510002136230468,2.203821674568211e-08
GE_HH-Analysis_AllHHs.dta,h1_2_agtools_trim,h1_2_agtools_trim_PPP,8239,8150,273,273,True,True,False,0.021510002136230468,4.696251399013006e-08
GE_HH-Analysis_AllHHs.dta,h1_2_agtools_trim_BL,h1_2_agtools_trim_PPP_BL,8239,8239,269,269,True,True,False,0.0215100018731479,3.8982337807348404e-08
GE_HH-Analysis_AllHHs.dta,h1_2_agtools_wins,h1_2_agtools_wins_PPP,8239,8232,273,273,True,True,False,0.021510002136230468,4.696251399013006e-08
GE_HH-Analysis_AllHHs.dta,h1_2_agtools_wins_BL,h1_2_agtools_wins_PPP_BL,8239,8239,269,269,True,True,False,0.021510002136230468,2.8262194939280934e-08
GE_HH-Analysis_AllHHs.dta,h1_3_furniture,h1_3_furniture_PPP,8239,8232,1749,1749,True,True,False,0.021510002199283316,3.4776609631368524e-08
GE_HH-Analysis_AllHHs.dta,h1_3_furniture_BL,h1_3_furniture_PPP_BL,8239,8239,1438,1438,True,True,False,0.021510002322313263,5.644617248356328e-08
GE_HH-Analysis_AllHHs.dta,h1_3_furniture_trim,h1_3_furniture_trim_PPP,8239,8151,1676,1676,True,True,False,0.021510002199283316,4.4317537213886806e-08
GE_HH-Analysis_AllHHs.dta,h1_3_furniture_trim_BL,h1_3_furniture_trim_PPP_BL,8239,8239,1377,1377,True,True,False,0.02151000234493731,3.212598629583054e-08
GE_HH-Analysis_AllHHs.dta,h1_3_furniture_wins,h1_3_furniture_wins_PPP,8239,8232,1676,1676,True,True,False,0.021510002193024968,4.406687886889413e-08
GE_HH-Analysis_AllHHs.dta,h1_3_furniture_wins_BL,h1_3_furniture_wins_PPP_BL,8239,8239,1377,1377,True,True,False,0.021510002115739703,3.568995793253525e-08
GE_HH-Analysis_AllHHs.dta,h1_4_radiotv,h1_4_radiotv_PPP,8239,8232,251,251,True,True,False,0.021510002136230468,3.142827690071933e-08
GE_HH-Analysis_AllHHs.dta,h1_4_radiotv_BL,h1_4_radiotv_PPP_BL,8239,8239,190,190,True,True,False,0.021510002136230468,2.364603735922568e-08
GE_HH-Analysis_AllHHs.dta,h1_4_radiotv_trim,h1_4_radiotv_trim_PPP,8239,8151,208,208,True,True,False,0.021510002136230468,4.3654221546571285e-08
GE_HH-Analysis_AllHHs.dta,h1_4_radiotv_trim_BL,h1_4_radiotv_trim_PPP_BL,8239,8239,161,161,True,True,False,0.021510002136230468,2.8954330566032842e-08
GE_HH-Analysis_AllHHs.dta,h1_4_radiotv_wins,h1_4_radiotv_wins_PPP,8239,8232,208,208,True,True,False,0.021510002136230468,4.3654221546571285e-08
GE_HH-Analysis_AllHHs.dta,h1_4_radiotv_wins_BL,h1_4_radiotv_wins_PPP_BL,8239,8239,161,161,True,True,False,0.021510002136230468,2.8954330566032842e-08
GE_HH-Analysis_AllHHs.dta,h2_1_foodcons_12mth,h2_1_foodcons_12mth_PPP,8239,8225,1375,1375,True,True,False,0.02151000211764162,3.640296052954402e-08
GE_HH-Analysis_AllHHs.dta,h2_1_foodcons_12mth_pc,h2_1_foodcons_12mth_pc_PPP,8239,8225,2893,2893,True,True,False,0.021510001959786657,2.037599551076975e-08
GE_HH-Analysis_AllHHs.dta,h2_1_foodcons_12mth_pc_trim,h2_1_foodcons_12mth_pc_trim_PPP,8239,8143,2819,2819,True,True,False,0.021510001959156602,5.6357626285014405e-08
GE_HH-Analysis_AllHHs.dta,h2_1_foodcons_12mth_pc_wins,h2_1_foodcons_12mth_pc_wins_PPP,8239,8225,2819,2819,True,True,False,0.021510001960461014,5.6305686304886406e-08
GE_HH-Analysis_AllHHs.dta,h2_1_foodcons_12mth_trim,h2_1_foodcons_12mth_trim_PPP,8239,8143,1298,1298,True,True,False,0.02151000211764162,4.1220565417115035e-08
GE_HH-Analysis_AllHHs.dta,h2_1_foodcons_12mth_wins,h2_1_foodcons_12mth_wins_PPP,8239,8225,1298,1298,True,True,False,0.02151000211764162,4.1220565417115035e-08
GE_HH-Analysis_AllHHs.dta,h2_3_temptgoods_12,h2_3_temptgoods_12_PPP,8239,8224,191,191,True,True,False,0.02151000181833903,2.552697127118341e-08
GE_HH-Analysis_AllHHs.dta,h2_3_temptgoods_12_pc,h2_3_temptgoods_12_pc_PPP,8239,8224,336,336,True,True,False,0.021510002136230468,3.685096695094731e-08
GE_HH-Analysis_AllHHs.dta,h2_3_temptgoods_12_pc_trim,h2_3_temptgoods_12_pc_trim_PPP,8239,8143,284,284,True,True,False,0.021510002136230468,3.358811937163884e-08
GE_HH-Analysis_AllHHs.dta,h2_3_temptgoods_12_pc_wins,h2_3_temptgoods_12_pc_wins_PPP,8239,8224,284,284,True,True,False,0.021510002136230468,3.358811937163884e-08
GE_HH-Analysis_AllHHs.dta,h2_3_temptgoods_12_trim,h2_3_temptgoods_12_trim_PPP,8239,8145,150,150,True,True,False,0.02151000181833903,6.61526018772621e-08
GE_HH-Analysis_AllHHs.dta,h2_3_temptgoods_12_wins,h2_3_temptgoods_12_wins_PPP,8239,8224,150,150,True,True,False,0.02151000181833903,6.61526018772621e-08
GE_HH-Analysis_AllHHs.dta,h2_4_housingexp,h2_4_housingexp_PPP,8239,8225,272,272,True,True,False,0.021510002136230468,8.512573320496524e-09
GE_HH-Analysis_AllHHs.dta,h2_4_housingexp_pc,h2_4_housingexp_pc_PPP,8239,8225,501,501,True,True,False,0.021510002136230468,7.39355819582038e-09
GE_HH-Analysis_AllHHs.dta,h2_4_housingexp_pc_trim,h2_4_housingexp_pc_trim_PPP,8239,8151,470,470,True,True,False,0.021510002136230468,3.546905520013592e-08
GE_HH-Analysis_AllHHs.dta,h2_4_housingexp_pc_wins,h2_4_housingexp_pc_wins_PPP,8239,8225,470,470,True,True,False,0.021510002136230468,3.546905520013592e-08
GE_HH-Analysis_AllHHs.dta,h2_4_housingexp_trim,h2_4_housingexp_trim_PPP,8239,8145,239,239,True,True,False,0.021510002136230468,3.378005200101205e-08
GE_HH-Analysis_AllHHs.dta,h2_4_housingexp_wins,h2_4_housingexp_wins_PPP,8239,8225,239,239,True,True,False,0.021510002136230468,3.378005200101205e-08
GE_HH-Analysis_AllHHs.dta,h2_5_educexp,h2_5_educexp_PPP,8239,8148,1864,1856,True,False,False,0.021510002136230468,2.175435338283146e-08
GE_HH-Analysis_AllHHs.dta,h2_5_educexp_pc,h2_5_educexp_pc_PPP,8239,8148,2294,2287,True,False,False,0.021510002136230468,2.175435338283146e-08
GE_HH-Analysis_AllHHs.dta,h2_5_educexp_pc_trim,h2_5_educexp_pc_trim_PPP,8239,8068,2244,2237,True,False,False,0.021510002136230468,2.9230227797011268e-08
GE_HH-Analysis_AllHHs.dta,h2_5_educexp_pc_wins,h2_5_educexp_pc_wins_PPP,8239,8148,2244,2237,True,False,False,0.021510002136230468,2.9230227797011268e-08
GE_HH-Analysis_AllHHs.dta,h2_5_educexp_trim,h2_5_educexp_trim_PPP,8239,8076,1816,1808,True,False,False,0.021510002136230468,2.8375243757531498e-08
GE_HH-Analysis_AllHHs.dta,h2_5_educexp_wins,h2_5_educexp_wins_PPP,8239,8148,1816,1808,True,False,False,0.021510002136230468,2.8375243757531498e-08
GE_HH-Analysis_AllHHs.dta,h2_6_medicalexp,h2_6_medicalexp_PPP,8239,8223,247,247,True,True,False,0.021510002136230468,2.0572052191199934e-08
GE_HH-Analysis_AllHHs.dta,h2_6_medicalexp_pc,h2_6_medicalexp_pc_PPP,8239,8223,542,542,True,True,False,0.021510002136230468,8.512573320496524e-09
GE_HH-Analysis_AllHHs.dta,h2_6_medicalexp_pc_trim,h2_6_medicalexp_pc_trim_PPP,8239,8143,508,508,True,True,False,0.021510002136230468,4.729207471845136e-08
GE_HH-Analysis_AllHHs.dta,h2_6_medicalexp_pc_wins,h2_6_medicalexp_pc_wins_PPP,8239,8223,508,508,True,True,False,0.021510002136230468,4.729207471845136e-08
GE_HH-Analysis_AllHHs.dta,h2_6_medicalexp_trim,h2_6_medicalexp_trim_PPP,8239,8142,222,222,True,True,False,0.021510002136230468,4.053606185349035e-08
GE_HH-Analysis_AllHHs.dta,h2_6_medicalexp_wins,h2_6_medicalexp_wins_PPP,8239,8223,222,222,True,True,False,0.021510002136230468,4.053606185349035e-08
GE_HH-Analysis_AllHHs.dta,h2_7_socialexp,h2_7_socialexp_PPP,8239,8225,613,613,True,True,False,0.021510002136230468,2.9466600573008825e-08
GE_HH-Analysis_AllHHs.dta,h2_7_socialexp_pc,h2_7_socialexp_pc_PPP,8239,8225,1044,1044,True,True,False,0.02151000226130251,4.5910054812669836e-08
GE_HH-Analysis_AllHHs.dta,h2_7_socialexp_pc_trim,h2_7_socialexp_pc_trim_PPP,8239,8143,971,971,True,True,False,0.02151000226130251,2.7473982306910675e-08
GE_HH-Analysis_AllHHs.dta,h2_7_socialexp_pc_wins,h2_7_socialexp_pc_wins_PPP,8239,8225,971,971,True,True,False,0.02151000227558014,2.778611865673229e-08
GE_HH-Analysis_AllHHs.dta,h2_7_socialexp_trim,h2_7_socialexp_trim_PPP,8239,8143,537,537,True,True,False,0.021510002136230468,3.503116547636605e-08
GE_HH-Analysis_AllHHs.dta,h2_7_socialexp_wins,h2_7_socialexp_wins_PPP,8239,8225,537,537,True,True,False,0.021510002136230468,3.503116547636605e-08
GE_HH-Analysis_AllHHs.dta,h2_8_hhdurablesexp,h2_8_hhdurablesexp_PPP,8239,8224,169,169,True,True,False,0.021510002136230468,1.0748198429971961e-08
GE_HH-Analysis_AllHHs.dta,h2_8_hhdurablesexp_pc,h2_8_hhdurablesexp_pc_PPP,8239,8224,350,350,True,True,False,0.021510002136230468,1.0748198429971961e-08
GE_HH-Analysis_AllHHs.dta,h2_8_hhdurablesexp_pc_trim,h2_8_hhdurablesexp_pc_trim_PPP,8239,8143,315,315,True,True,False,0.02151000219232896,2.925516744377728e-08
GE_HH-Analysis_AllHHs.dta,h2_8_hhdurablesexp_pc_wins,h2_8_hhdurablesexp_pc_wins_PPP,8239,8224,315,315,True,True,False,0.021510002136230468,3.0842657171405104e-08
GE_HH-Analysis_AllHHs.dta,h2_8_hhdurablesexp_trim,h2_8_hhdurablesexp_trim_PPP,8239,8147,143,143,True,True,False,0.021510002136230468,3.941005978033148e-08
GE_HH-Analysis_AllHHs.dta,h2_8_hhdurablesexp_wins,h2_8_hhdurablesexp_wins_PPP,8239,8224,143,143,True,True,False,0.021510002136230468,3.941005978033148e-08
GE_HH-Analysis_AllHHs.dta,health_medexpend,health_medexpend_PPP,8239,8227,266,266,True,True,False,0.021510002136230468,2.364603735922568e-08
GE_HH-Analysis_AllHHs.dta,health_medexpend_trim,health_medexpend_trim_PPP,8239,8146,224,224,True,True,False,0.021510002136230468,4.172829936482852e-08
GE_HH-Analysis_AllHHs.dta,health_medexpend_wins,health_medexpend_wins_PPP,8239,8227,224,224,True,True,False,0.021510002136230468,4.172829936482852e-08
GE_HH-Analysis_AllHHs.dta,landprice_BL,landprice_PPP_BL,8239,8239,137,137,True,True,False,0.021510001953125,1.2106770871419216e-08
GE_HH-Analysis_AllHHs.dta,landprice_wins_BL,landprice_wins_PPP_BL,8239,8239,123,123,True,True,False,0.021510001953125,2.7240234608675913e-08
GE_HH-Analysis_AllHHs.dta,multiplier_assets,multiplier_assets_PPP,8239,8232,2224,2224,True,True,False,0.021510002193024968,9.594894796075483e-09
GE_HH-Analysis_AllHHs.dta,multiplier_assets_wins,multiplier_assets_wins_PPP,8239,8232,2145,2145,True,True,False,0.021510002199283316,3.715097281306311e-08
GE_HH-Analysis_AllHHs.dta,nettransfersHHvill_f4,nettransfersHHvill_f4_PPP,8239,8118,486,486,True,True,False,0.021510002136230468,2.8375243757531498e-08
GE_HH-Analysis_AllHHs.dta,nettransfersHHvill_f4_wins,nettransfersHHvill_f4_wins_PPP,8239,8118,440,440,True,True,False,0.021510002136230468,3.142827690071933e-08
GE_HH-Analysis_AllHHs.dta,nettransfersHHvill_f4_wins2,nettransfersHHvill_f4_wins2_PPP,8239,8118,391,391,True,True,False,0.021510002136230468,3.546905520013592e-08
GE_HH-Analysis_AllHHs.dta,nettransfersfamily_f4,nettransfersfamily_f4_PPP,8239,8106,1154,1154,True,True,False,0.021510002136230468,3.669212741541829e-08
GE_HH-Analysis_AllHHs.dta,nettransfersfamily_f4_wins,nettransfersfamily_f4_wins_PPP,8239,8106,1094,1094,True,True,False,0.021510002136230468,1.3989113436721272e-08
GE_HH-Analysis_AllHHs.dta,nettransfersfamily_f4_wins2,nettransfersfamily_f4_wins2_PPP,8239,8106,1039,1039,True,True,False,0.021510002136230468,3.147878646369412e-08
GE_HH-Analysis_AllHHs.dta,nondurables_exp,nondurables_exp_PPP,8239,8226,7016,7015,True,False,False,0.021510002152780133,5.476465683070726e-08
GE_HH-Analysis_AllHHs.dta,nondurables_exp_pc,nondurables_exp_pc_PPP,8239,8226,7494,7494,True,True,False,0.021510002154070052,5.470468851430559e-08
GE_HH-Analysis_AllHHs.dta,nondurables_exp_pc_trim,nondurables_exp_pc_trim_PPP,8239,8144,7412,7412,True,True,False,0.02151000215498904,4.760101344501104e-08
GE_HH-Analysis_AllHHs.dta,nondurables_exp_pc_wins,nondurables_exp_pc_wins_PPP,8239,8226,7412,7412,True,True,False,0.021510002147677332,4.7261092075316725e-08
GE_HH-Analysis_AllHHs.dta,nondurables_exp_trim,nondurables_exp_trim_PPP,8239,8144,6935,6934,True,False,False,0.021510002152780133,4.193734803008569e-08
GE_HH-Analysis_AllHHs.dta,nondurables_exp_wins,nondurables_exp_wins_PPP,8239,8226,6935,6934,True,False,False,0.021510002149830103,4.183423381484756e-08
GE_HH-Analysis_AllHHs.dta,p11_6_nettransfers,p11_6_nettransfers_PPP,8239,8239,1340,1340,True,True,False,0.021510002136230468,3.669212741541829e-08
GE_HH-Analysis_AllHHs.dta,p11_6_nettransfers_trim,p11_6_nettransfers_trim_PPP,8239,8158,1279,1279,True,True,False,0.021510002136230468,3.7271420495134716e-08
GE_HH-Analysis_AllHHs.dta,p11_6_nettransfers_trim2,p11_6_nettransfers_trim2_PPP,8239,8076,1219,1219,True,True,False,0.021510002136230468,3.206242374353293e-08
GE_HH-Analysis_AllHHs.dta,p11_6_nettransfers_wins,p11_6_nettransfers_wins_PPP,8239,8239,1279,1279,True,True,False,0.021510002136230468,3.7271420495134716e-08
GE_HH-Analysis_AllHHs.dta,p11_6_nettransfers_wins2,p11_6_nettransfers_wins2_PPP,8239,8239,1219,1219,True,True,False,0.021510002136230468,3.206242374353293e-08
GE_HH-Analysis_AllHHs.dta,p1_assets,p1_assets_PPP,8239,8232,3607,3607,True,True,False,0.02151000215525639,3.4341427941656775e-08
GE_HH-Analysis_AllHHs.dta,p1_assets_BL,p1_assets_PPP_BL,8239,8239,3579,3579,True,True,False,0.02151000229955084,2.246121604415665e-08
GE_HH-Analysis_AllHHs.dta,p1_assets_home_BL,p1_assets_home_PPP_BL,8239,8239,4260,4260,True,True,False,0.021510002028598447,3.530726779640385e-08
GE_HH-Analysis_AllHHs.dta,p1_assets_home_trim_BL,p1_assets_home_trim_PPP_BL,8239,8239,4193,4193,True,True,False,0.0215100022919324,3.822688836709786e-08
GE_HH-Analysis_AllHHs.dta,p1_assets_home_wins_BL,p1_assets_home_wins_PPP_BL,8239,8239,4193,4193,True,True,False,0.021510002023321883,4.675728775562917e-08
GE_HH-Analysis_AllHHs.dta,p1_assets_trim,p1_assets_trim_PPP,8239,8150,3526,3526,True,True,False,0.02151000215525639,3.809666522796021e-08
GE_HH-Analysis_AllHHs.dta,p1_assets_trim2,p1_assets_trim2_PPP,8239,8068,3446,3446,True,True,False,0.021510002152780133,4.548484366402093e-08
GE_HH-Analysis_AllHHs.dta,p1_assets_trim2_BL,p1_assets_trim2_PPP_BL,8239,8239,3441,3441,True,True,False,0.021510002020046794,3.9787448373103946e-08
GE_HH-Analysis_AllHHs.dta,p1_assets_trim_BL,p1_assets_trim_PPP_BL,8239,8239,3511,3511,True,True,False,0.021510002309914632,4.422683551998559e-08
GE_HH-Analysis_AllHHs.dta,p1_assets_wins,p1_assets_wins_PPP,8239,8232,3526,3526,True,True,False,0.0215100021621514,3.8340356173044515e-08
GE_HH-Analysis_AllHHs.dta,p1_assets_wins2,p1_assets_wins2_PPP,8239,8232,3446,3446,True,True,False,0.021510002167887707,4.61238097369983e-08
GE_HH-Analysis_AllHHs.dta,p1_assets_wins2_BL,p1_assets_wins2_PPP_BL,8239,8239,3442,3442,True,True,False,0.02151000229955084,4.3763126492238335e-08
GE_HH-Analysis_AllHHs.dta,p1_assets_wins_BL,p1_assets_wins_PPP_BL,8239,8239,3512,3512,True,True,False,0.021510002055921053,5.3150719146748674e-08
GE_HH-Analysis_AllHHs.dta,p2_consumption,p2_consumption_PPP,8239,8226,7121,7121,True,True,False,0.02151000215581454,3.818634888509958e-08
GE_HH-Analysis_AllHHs.dta,p2_consumption_pc,p2_consumption_pc_PPP,8239,8226,7573,7573,True,True,False,0.02151000215178759,5.48723210050775e-08
GE_HH-Analysis_AllHHs.dta,p2_consumption_pc_trim,p2_consumption_pc_trim_PPP,8239,8144,7492,7492,True,True,False,0.021510002152780133,4.734049587138426e-08
GE_HH-Analysis_AllHHs.dta,p2_consumption_pc_wins,p2_consumption_pc_wins_PPP,8239,8226,7492,7492,True,True,False,0.021510002159180946,4.706259646062201e-08
GE_HH-Analysis_AllHHs.dta,p2_consumption_trim,p2_consumption_trim_PPP,8239,8144,7039,7039,True,True,False,0.021510002157364524,4.089593882674194e-08
GE_HH-Analysis_AllHHs.dta,p2_consumption_wins,p2_consumption_wins_PPP,8239,8226,7039,7039,True,True,False,0.02151000215525639,4.0807929386877115e-08
GE_HH-Analysis_AllHHs.dta,p3_1_agprofit,p3_1_agprofit_PPP,8239,8231,5480,5480,True,True,False,0.021510002174187654,2.308233384065925e-08
GE_HH-Analysis_AllHHs.dta,p3_1_agprofit_trim,p3_1_agprofit_trim_PPP,8239,8149,5398,5398,True,True,False,0.021510002174187654,2.236816592573322e-08
GE_HH-Analysis_AllHHs.dta,p3_1_agprofit_wins,p3_1_agprofit_wins_PPP,8239,8231,5398,5398,True,True,False,0.02151000217833285,2.2455954433389888e-08
GE_HH-Analysis_AllHHs.dta,p3_2_nonagprofit,p3_2_nonagprofit_PPP,8239,8151,456,456,True,True,False,0.021510002136230468,2.3324321544708625e-08
GE_HH-Analysis_AllHHs.dta,p3_2_nonagprofit_BL,p3_2_nonagprofit_PPP_BL,8239,8239,276,276,True,True,False,0.02151000219946004,6.893640125360504e-09
GE_HH-Analysis_AllHHs.dta,p3_2_nonagprofit_trim,p3_2_nonagprofit_trim_PPP,8239,8074,410,410,True,True,False,0.021510002136230468,5.0670076289880265e-08
GE_HH-Analysis_AllHHs.dta,p3_2_nonagprofit_trim_BL,p3_2_nonagprofit_trim_PPP_BL,8239,8239,244,244,True,True,False,0.021510001870310456,3.803707274668775e-08
GE_HH-Analysis_AllHHs.dta,p3_2_nonagprofit_wins,p3_2_nonagprofit_wins_PPP,8239,8151,410,410,True,True,False,0.021510002136230468,5.0670076289880265e-08
GE_HH-Analysis_AllHHs.dta,p3_2_nonagprofit_wins_BL,p3_2_nonagprofit_wins_PPP_BL,8239,8239,244,244,True,True,False,0.021510002323405084,2.7571861489086888e-08
GE_HH-Analysis_AllHHs.dta,p3_3_wageearnings,p3_3_wageearnings_PPP,8239,8239,833,833,True,True,False,0.021510002136230468,1.622841068051147e-08
GE_HH-Analysis_AllHHs.dta,p3_3_wageearnings_BL,p3_3_wageearnings_PPP_BL,8239,8239,467,467,True,True,False,0.021510001778931,2.2563074912178025e-08
GE_HH-Analysis_AllHHs.dta,p3_3_wageearnings_trim,p3_3_wageearnings_trim_PPP,8239,8157,777,777,True,True,False,0.021510002136230468,3.3305810939547884e-08
GE_HH-Analysis_AllHHs.dta,p3_3_wageearnings_trim_BL,p3_3_wageearnings_trim_PPP_BL,8239,8239,418,418,True,True,False,0.021510001627604167,4.078941344932538e-08
GE_HH-Analysis_AllHHs.dta,p3_3_wageearnings_wins,p3_3_wageearnings_wins_PPP,8239,8239,777,777,True,True,False,0.021510002136230468,3.3305810939547884e-08
GE_HH-Analysis_AllHHs.dta,p3_3_wageearnings_wins_BL,p3_3_wageearnings_wins_PPP_BL,8239,8239,418,418,True,True,False,0.021510002689976847,2.5743669210535233e-08
GE_HH-Analysis_AllHHs.dta,p3_totincome,p3_totincome_PPP,8239,8239,6702,6702,True,True,False,0.021510002152091996,4.2208190590053095e-08
GE_HH-Analysis_AllHHs.dta,p3_totincome_BL,p3_totincome_PPP_BL,8239,8239,657,657,True,True,False,0.021510002367424244,7.750813647958279e-09
GE_HH-Analysis_AllHHs.dta,p3_totincome_trim,p3_totincome_trim_PPP,8239,8157,6621,6621,True,True,False,0.021510002154070052,4.364128327281431e-08
GE_HH-Analysis_AllHHs.dta,p3_totincome_trim_BL,p3_totincome_trim_PPP_BL,8239,8239,604,604,True,True,False,0.02151000218700722,2.7826724958774334e-08
GE_HH-Analysis_AllHHs.dta,p3_totincome_wins,p3_totincome_wins_PPP,8239,8239,6621,6621,True,True,False,0.021510002157364524,4.3776779254161164e-08
GE_HH-Analysis_AllHHs.dta,p3_totincome_wins_BL,p3_totincome_wins_PPP_BL,8239,8239,604,604,True,True,False,0.021510002367424244,3.0094955965426205e-08
GE_HH-Analysis_AllHHs.dta,p4_1_agrevenue,p4_1_agrevenue_PPP,8239,8229,4967,4967,True,True,False,0.021510002136230468,4.2724243094484375e-08
GE_HH-Analysis_AllHHs.dta,p4_1_agrevenue_trim,p4_1_agrevenue_trim_PPP,8239,8147,4885,4885,True,True,False,0.021510002136230468,4.512161818164478e-08
GE_HH-Analysis_AllHHs.dta,p4_1_agrevenue_wins,p4_1_agrevenue_wins_PPP,8239,8229,4885,4885,True,True,False,0.021510002136230468,4.512161818164478e-08
GE_HH-Analysis_AllHHs.dta,p4_2_nonagrevenue,p4_2_nonagrevenue_PPP,8239,8135,548,548,True,True,False,0.021510002136230468,3.733584771848699e-09
GE_HH-Analysis_AllHHs.dta,p4_2_nonagrevenue_BL,p4_2_nonagrevenue_PPP_BL,8239,8239,367,367,True,True,False,0.02151000181833903,2.3066868978581384e-08
GE_HH-Analysis_AllHHs.dta,p4_2_nonagrevenue_trim,p4_2_nonagrevenue_trim_PPP,8239,8058,500,500,True,True,False,0.021510002136230468,3.428675417087724e-08
GE_HH-Analysis_AllHHs.dta,p4_2_nonagrevenue_trim_BL,p4_2_nonagrevenue_trim_PPP_BL,8239,8239,325,325,True,True,False,0.02151000272310697,5.165749702183785e-08
GE_HH-Analysis_AllHHs.dta,p4_2_nonagrevenue_wins,p4_2_nonagrevenue_wins_PPP,8239,8135,500,500,True,True,False,0.021510002136230468,3.428675417087724e-08
GE_HH-Analysis_AllHHs.dta,p4_2_nonagrevenue_wins_BL,p4_2_nonagrevenue_wins_PPP_BL,8239,8239,325,325,True,True,False,0.021510002515690352,4.426468448530341e-08
GE_HH-Analysis_AllHHs.dta,p4_4_totcosts,p4_4_totcosts_PPP,8239,8230,2822,2822,True,True,False,0.021510002136230468,1.736910968949052e-08
GE_HH-Analysis_AllHHs.dta,p4_4_totcosts_BL,p4_4_totcosts_PPP_BL,8239,8239,922,922,True,True,False,0.021510002048005773,2.3290378133836857e-08
GE_HH-Analysis_AllHHs.dta,p4_4_totcosts_trim,p4_4_totcosts_trim_PPP,8239,8148,2740,2740,True,True,False,0.021510002136230468,3.790840807767773e-08
GE_HH-Analysis_AllHHs.dta,p4_4_totcosts_trim_BL,p4_4_totcosts_trim_PPP_BL,8239,8239,857,857,True,True,False,0.021510001887445864,5.8286410490428624e-08
GE_HH-Analysis_AllHHs.dta,p4_4_totcosts_wins,p4_4_totcosts_wins_PPP,8239,8230,2740,2740,True,True,False,0.021510002136230468,3.790840807767773e-08
GE_HH-Analysis_AllHHs.dta,p4_4_totcosts_wins_BL,p4_4_totcosts_wins_PPP_BL,8239,8239,857,857,True,True,False,0.021510001887445864,5.8286410490428624e-08
GE_HH-Analysis_AllHHs.dta,p4_5_agcosts,p4_5_agcosts_PPP,8239,7939,1387,1387,True,True,False,0.021510002136230468,4.5142431853242834e-08
GE_HH-Analysis_AllHHs.dta,p4_5_agcosts_BL,p4_5_agcosts_PPP_BL,8239,8239,650,650,True,True,False,0.02151000181833903,1.4305265582864811e-08
GE_HH-Analysis_AllHHs.dta,p4_5_agcosts_trim,p4_5_agcosts_trim_PPP,8239,7861,1315,1315,True,True,False,0.021510002136230468,4.290611565237067e-08
GE_HH-Analysis_AllHHs.dta,p4_5_agcosts_trim_BL,p4_5_agcosts_trim_PPP_BL,8239,8239,585,585,True,True,False,0.021510002613067628,6.092736279739564e-08
GE_HH-Analysis_AllHHs.dta,p4_5_agcosts_wins,p4_5_agcosts_wins_PPP,8239,7939,1315,1315,True,True,False,0.021510002136230468,4.290611565237067e-08
GE_HH-Analysis_AllHHs.dta,p4_5_agcosts_wins_BL,p4_5_agcosts_wins_PPP_BL,8239,8239,585,585,True,True,False,0.021510002444819543,5.4756514333304145e-08
GE_HH-Analysis_AllHHs.dta,p4_6_nonagcosts,p4_6_nonagcosts_PPP,8239,8200,926,926,True,True,False,0.021510002136230468,1.698866340212691e-08
GE_HH-Analysis_AllHHs.dta,p4_6_nonagcosts_BL,p4_6_nonagcosts_PPP_BL,8239,8239,474,474,True,True,False,0.021510002689686128,5.3122098769432496e-08
GE_HH-Analysis_AllHHs.dta,p4_6_nonagcosts_trim,p4_6_nonagcosts_trim_PPP,8239,8119,851,851,True,True,False,0.021510002136230468,3.882957900535551e-08
GE_HH-Analysis_AllHHs.dta,p4_6_nonagcosts_trim_BL,p4_6_nonagcosts_trim_PPP_BL,8239,8239,412,412,True,True,False,0.021510002060652827,4.1865699733098584e-08
GE_HH-Analysis_AllHHs.dta,p4_6_nonagcosts_wins,p4_6_nonagcosts_wins_PPP,8239,8200,851,851,True,True,False,0.021510002136230468,3.882957900535551e-08
GE_HH-Analysis_AllHHs.dta,p4_6_nonagcosts_wins_BL,p4_6_nonagcosts_wins_PPP_BL,8239,8239,412,412,True,True,False,0.021510002689976847,5.994496319039539e-08
GE_HH-Analysis_AllHHs.dta,p4_totrevenue,p4_totrevenue_PPP,8239,8229,5822,5822,True,True,False,0.021510002136230468,9.295854559917181e-09
GE_HH-Analysis_AllHHs.dta,p4_totrevenue_BL,p4_totrevenue_PPP_BL,8239,8239,367,367,True,True,False,0.02151000181833903,2.3066868978581384e-08
GE_HH-Analysis_AllHHs.dta,p4_totrevenue_trim,p4_totrevenue_trim_PPP,8239,8147,5740,5740,True,True,False,0.021510002136230468,3.704545803819559e-08
GE_HH-Analysis_AllHHs.dta,p4_totrevenue_trim_BL,p4_totrevenue_trim_PPP_BL,8239,8239,325,325,True,True,False,0.02151000272310697,5.165749702183785e-08
GE_HH-Analysis_AllHHs.dta,p4_totrevenue_wins,p4_totrevenue_wins_PPP,8239,8229,5740,5740,True,True,False,0.021510002136230468,3.704545803819559e-08
GE_HH-Analysis_AllHHs.dta,p4_totrevenue_wins_BL,p4_totrevenue_wins_PPP_BL,8239,8239,325,325,True,True,False,0.021510002515690352,4.426468448530341e-08
GE_HH-Analysis_AllHHs.dta,p7_1_educexpense,p7_1_educexpense_PPP,8239,7746,1864,1856,True,False,False,0.021510002136230468,2.175435338283146e-08
GE_HH-Analysis_AllHHs.dta,p7_1_educexpense_trim,p7_1_educexpense_trim_PPP,8239,7674,1816,1808,True,False,False,0.021510002136230468,2.8375243757531498e-08
GE_HH-Analysis_AllHHs.dta,p7_1_educexpense_wins,p7_1_educexpense_wins_PPP,8239,7746,1816,1808,True,False,False,0.021510002136230468,2.8375243757531498e-08
GE_HH-Analysis_AllHHs.dta,p7_5_schexpenditures_1,p7_5_schexpenditures_1_PPP,8239,1493,805,793,True,False,False,0.021510002136230468,4.793115337846377e-08
GE_HH-Analysis_AllHHs.dta,p7_5_schexpenditures_10,p7_5_schexpenditures_10_PPP,8239,29,24,24,True,True,False,0.021510001961800994,3.085913631497702e-08
GE_HH-Analysis_AllHHs.dta,p7_5_schexpenditures_10_trim,p7_5_schexpenditures_10_trim_PPP,8239,29,24,24,True,True,False,0.021510001961800994,3.085913631497702e-08
GE_HH-Analysis_AllHHs.dta,p7_5_schexpenditures_10_wins,p7_5_schexpenditures_10_wins_PPP,8239,29,24,24,True,True,False,0.021510001961800994,3.085913631497702e-08
GE_HH-Analysis_AllHHs.dta,p7_5_schexpenditures_11,p7_5_schexpenditures_11_PPP,8239,11,10,10,True,True,False,0.021510002690327927,1.1785714125251675e-08
GE_HH-Analysis_AllHHs.dta,p7_5_schexpenditures_11_trim,p7_5_schexpenditures_11_trim_PPP,8239,11,10,10,True,True,False,0.021510002690327927,1.1785714125251675e-08
GE_HH-Analysis_AllHHs.dta,p7_5_schexpenditures_11_wins,p7_5_schexpenditures_11_wins_PPP,8239,11,10,10,True,True,False,0.021510002690327927,1.1785714125251675e-08
GE_HH-Analysis_AllHHs.dta,p7_5_schexpenditures_12,p7_5_schexpenditures_12_PPP,8239,3,3,3,True,True,False,0.021510001940604966,1.3991737807113061e-08
GE_HH-Analysis_AllHHs.dta,p7_5_schexpenditures_12_trim,p7_5_schexpenditures_12_trim_PPP,8239,3,3,3,True,True,False,0.021510001940604966,1.3991737807113061e-08
GE_HH-Analysis_AllHHs.dta,p7_5_schexpenditures_12_wins,p7_5_schexpenditures_12_wins_PPP,8239,3,3,3,True,True,False,0.021510001940604966,1.3991737807113061e-08
GE_HH-Analysis_AllHHs.dta,p7_5_schexpenditures_1_trim,p7_5_schexpenditures_1_trim_PPP,8239,1479,791,779,True,False,False,0.021510002136230468,5.6541573770624015e-08
GE_HH-Analysis_AllHHs.dta,p7_5_schexpenditures_1_wins,p7_5_schexpenditures_1_wins_PPP,8239,1493,791,779,True,False,False,0.021510002136230468,5.6541573770624015e-08
GE_HH-Analysis_AllHHs.dta,p7_5_schexpenditures_2,p7_5_schexpenditures_2_PPP,8239,4378,1621,1592,True,False,False,0.021510002136230468,2.728388787107861e-08
GE_HH-Analysis_AllHHs.dta,p7_5_schexpenditures_2_trim,p7_5_schexpenditures_2_trim_PPP,8239,4335,1583,1554,True,False,False,0.021510002136230468,3.941005978033148e-08
GE_HH-Analysis_AllHHs.dta,p7_5_schexpenditures_2_wins,p7_5_schexpenditures_2_wins_PPP,8239,4378,1583,1554,True,False,False,0.021510002136230468,3.941005978033148e-08
GE_HH-Analysis_AllHHs.dta,p7_5_schexpenditures_3,p7_5_schexpenditures_3_PPP,8239,3577,1282,1260,True,False,False,0.021510002136230468,2.4905128892509764e-08
GE_HH-Analysis_AllHHs.dta,p7_5_schexpenditures_3_trim,p7_5_schexpenditures_3_trim_PPP,8239,3542,1248,1226,True,False,False,0.021510002136230468,4.230254110973961e-08
GE_HH-Analysis_AllHHs.dta,p7_5_schexpenditures_3_wins,p7_5_schexpenditures_3_wins_PPP,8239,3577,1248,1226,True,False,False,0.021510002136230468,4.230254110973961e-08
GE_HH-Analysis_AllHHs.dta,p7_5_schexpenditures_4,p7_5_schexpenditures_4_PPP,8239,2411,892,876,True,False,False,0.021510002136230468,4.376595160790627e-08
GE_HH-Analysis_AllHHs.dta,p7_5_schexpenditures_4_trim,p7_5_schexpenditures_4_trim_PPP,8239,2388,871,855,True,False,False,0.021510002136230468,2.935369963462863e-08
GE_HH-Analysis_AllHHs.dta,p7_5_schexpenditures_4_wins,p7_5_schexpenditures_4_wins_PPP,8239,2411,871,855,True,False,False,0.021510002136230468,2.935369963462863e-08
GE_HH-Analysis_AllHHs.dta,p7_5_schexpenditures_5,p7_5_schexpenditures_5_PPP,8239,1358,571,557,True,False,False,0.021510002136230468,4.607823998576791e-08
GE_HH-Analysis_AllHHs.dta,p7_5_schexpenditures_5_trim,p7_5_schexpenditures_5_trim_PPP,8239,1345,558,544,True,False,False,0.021510002136230468,3.6076233460127815e-08
GE_HH-Analysis_AllHHs.dta,p7_5_schexpenditures_5_wins,p7_5_schexpenditures_5_wins_PPP,8239,1358,558,544,True,False,False,0.021510002136230468,3.6076233460127815e-08
GE_HH-Analysis_AllHHs.dta,p7_5_schexpenditures_6,p7_5_schexpenditures_6_PPP,8239,706,362,361,True,False,False,0.021510002136230468,4.1151940881781115e-08
GE_HH-Analysis_AllHHs.dta,p7_5_schexpenditures_6_trim,p7_5_schexpenditures_6_trim_PPP,8239,700,356,355,True,False,False,0.021510002136230468,3.246320164466818e-08
GE_HH-Analysis_AllHHs.dta,p7_5_schexpenditures_6_wins,p7_5_schexpenditures_6_wins_PPP,8239,706,356,355,True,False,False,0.021510002136230468,3.246320164466818e-08
GE_HH-Analysis_AllHHs.dta,p7_5_schexpenditures_7,p7_5_schexpenditures_7_PPP,8239,309,190,190,True,True,False,0.021510002136230468,1.1793735752020315e-08
GE_HH-Analysis_AllHHs.dta,p7_5_schexpenditures_7_trim,p7_5_schexpenditures_7_trim_PPP,8239,307,188,188,True,True,False,0.021510002136230468,3.91803243800244e-08
GE_HH-Analysis_AllHHs.dta,p7_5_schexpenditures_7_wins,p7_5_schexpenditures_7_wins_PPP,8239,309,188,188,True,True,False,0.021510002136230468,3.91803243800244e-08
GE_HH-Analysis_AllHHs.dta,p7_5_schexpenditures_8,p7_5_schexpenditures_8_PPP,8239,143,101,101,True,True,False,0.021510002136230468,4.071003951463366e-08
GE_HH-Analysis_AllHHs.dta,p7_5_schexpenditures_8_trim,p7_5_schexpenditures_8_trim_PPP,8239,143,101,101,True,True,False,0.021510002136230468,4.071003951463366e-08
GE_HH-Analysis_AllHHs.dta,p7_5_schexpenditures_8_wins,p7_5_schexpenditures_8_wins_PPP,8239,143,101,101,True,True,False,0.021510002136230468,4.071003951463366e-08
GE_HH-Analysis_AllHHs.dta,p7_5_schexpenditures_9,p7_5_schexpenditures_9_PPP,8239,60,52,52,True,True,False,0.021510002142016885,1.238229938511453e-08
GE_HH-Analysis_AllHHs.dta,p7_5_schexpenditures_9_trim,p7_5_schexpenditures_9_trim_PPP,8239,60,52,52,True,True,False,0.021510002142016885,1.238229938511453e-08
GE_HH-Analysis_AllHHs.dta,p7_5_schexpenditures_9_wins,p7_5_schexpenditures_9_wins_PPP,8239,60,52,52,True,True,False,0.021510002142016885,1.238229938511453e-08
GE_HH-Analysis_AllHHs.dta,totval_hhassets,totval_hhassets_PPP,8239,8232,3514,3514,True,True,False,0.021510002157364524,4.105019062442636e-08
GE_HH-Analysis_AllHHs.dta,totval_hhassets_BL,totval_hhassets_PPP_BL,8239,8239,3487,3487,True,True,False,0.021510002238737277,2.2767198708660882e-08
GE_HH-Analysis_AllHHs.dta,totval_hhassets_wins,totval_hhassets_wins_PPP,8239,8232,3434,3434,True,True,False,0.02151000215525639,3.668115089726767e-08
GE_HH-Analysis_AllHHs.dta,totval_hhassets_wins_BL,totval_hhassets_wins_PPP_BL,8239,8239,3422,3422,True,True,False,0.021510002304983084,5.351016355942815e-08
GE_HH-Survey-BL_Analysis_AllHHs.dta,h1_10_housevalue_BL,h1_10_housevalue_PPP_BL,7845,7634,212,212,True,True,False,0.021510002136230468,1.7781819717396975e-08
GE_HH-Survey-BL_Analysis_AllHHs.dta,h1_10_housevalue_trim_BL,h1_10_housevalue_trim_PPP_BL,7845,7570,201,201,True,True,False,0.021510002136230468,1.631576553095167e-08
GE_HH-Survey-BL_Analysis_AllHHs.dta,h1_10_housevalue_wins_BL,h1_10_housevalue_wins_PPP_BL,7845,7634,201,201,True,True,False,0.021510002136230468,1.631576553095167e-08
GE_HH-Survey-BL_Analysis_AllHHs.dta,h1_11_landvalue_BL,h1_11_landvalue_PPP_BL,7845,7695,2097,2090,True,False,False,0.021510002157843485,9.39414086657528e-09
GE_HH-Survey-BL_Analysis_AllHHs.dta,h1_11_landvalue_trim_BL,h1_11_landvalue_trim_PPP_BL,7845,7620,2030,2023,True,False,False,0.02151000217013889,3.844247702893594e-08
GE_HH-Survey-BL_Analysis_AllHHs.dta,h1_11_landvalue_wins_BL,h1_11_landvalue_wins_PPP_BL,7845,7695,2030,2023,True,False,False,0.02151000217013889,3.844247702893594e-08
GE_HH-Survey-BL_Analysis_AllHHs.dta,h1_12_loans_BL,h1_12_loans_PPP_BL,7845,7845,276,276,True,True,False,0.021510002136230468,2.086414968241426e-08
GE_HH-Survey-BL_Analysis_AllHHs.dta,h1_12_loans_trim_BL,h1_12_loans_trim_PPP_BL,7845,7768,230,230,True,True,False,0.021510002136230468,3.8205238254632246e-08
GE_HH-Survey-BL_Analysis_AllHHs.dta,h1_13_loansgiven_BL,h1_13_loansgiven_PPP_BL,7845,7845,100,100,True,True,False,0.021510002136230468,3.1528049812300906e-08
GE_HH-Survey-BL_Analysis_AllHHs.dta,h1_13_loansgiven_trim_BL,h1_13_loansgiven_trim_PPP_BL,7845,7770,77,77,True,True,False,0.021510002136230468,2.860407644702588e-08
GE_HH-Survey-BL_Analysis_AllHHs.dta,h1_13_loansgiven_wins_BL,h1_13_loansgiven_wins_PPP_BL,7845,7845,77,77,True,True,False,0.021510002136230468,2.860407644702588e-08
GE_HH-Survey-BL_Analysis_AllHHs.dta,h1_1_livestock_BL,h1_1_livestock_PPP_BL,7845,7845,1048,1048,True,True,False,0.021510002136230468,1.494414968253664e-08
GE_HH-Survey-BL_Analysis_AllHHs.dta,h1_1_livestock_trim_BL,h1_1_livestock_trim_PPP_BL,7845,7768,982,982,True,True,False,0.021510002136230468,5.3844586922653386e-08
GE_HH-Survey-BL_Analysis_AllHHs.dta,h1_1_livestock_wins_BL,h1_1_livestock_wins_PPP_BL,7845,7845,982,982,True,True,False,0.021510002136230468,5.3844586922653386e-08
GE_HH-Survey-BL_Analysis_AllHHs.dta,h1_2_agtools_BL,h1_2_agtools_PPP_BL,7845,7845,314,314,True,True,False,0.021510002136230468,2.203821674568211e-08
GE_HH-Survey-BL_Analysis_AllHHs.dta,h1_2_agtools_trim_BL,h1_2_agtools_trim_PPP_BL,7845,7770,276,276,True,True,False,0.021510002136230468,2.8262194939280934e-08
GE_HH-Survey-BL_Analysis_AllHHs.dta,h1_2_agtools_wins_BL,h1_2_agtools_wins_PPP_BL,7845,7845,276,276,True,True,False,0.021510002136230468,2.8262194939280934e-08
GE_HH-Survey-BL_Analysis_AllHHs.dta,h1_3_furniture_BL,h1_3_furniture_PPP_BL,7845,7840,1485,1485,True,True,False,0.02151000221176903,5.130697096487184e-08
GE_HH-Survey-BL_Analysis_AllHHs.dta,h1_3_furniture_trim_BL,h1_3_furniture_trim_PPP_BL,7845,7763,1421,1421,True,True,False,0.02151000221176903,3.221400232467473e-08
GE_HH-Survey-BL_Analysis_AllHHs.dta,h1_3_furniture_wins_BL,h1_3_furniture_wins_PPP_BL,7845,7840,1421,1421,True,True,False,0.02151000221176903,3.221400232467473e-08
GE_HH-Survey-BL_Analysis_AllHHs.dta,h1_4_radiotv_BL,h1_4_radiotv_PPP_BL,7845,7841,198,198,True,True,False,0.021510002136230468,2.364603735922568e-08
GE_HH-Survey-BL_Analysis_AllHHs.dta,h1_4_radiotv_trim_BL,h1_4_radiotv_trim_PPP_BL,7845,7767,165,165,True,True,False,0.021510002136230468,2.8954330566032842e-08
GE_HH-Survey-BL_Analysis_AllHHs.dta,h1_4_radiotv_wins_BL,h1_4_radiotv_wins_PPP_BL,7845,7841,165,165,True,True,False,0.021510002136230468,2.8954330566032842e-08
GE_HH-Survey-BL_Analysis_AllHHs.dta,landprice_BL,landprice_PPP_BL,7845,6688,143,143,True,True,False,0.02151000244140625,1.6646809948201423e-08
GE_HH-Survey-BL_Analysis_AllHHs.dta,landprice_wins_BL,landprice_wins_PPP_BL,7845,6688,128,128,True,True,False,0.02151000244140625,2.837524440165508e-08
GE_HH-Survey-BL_Analysis_AllHHs.dta,p1_assets_BL,p1_assets_PPP_BL,7845,7845,3750,3750,True,True,False,0.021510002167887707,2.8582234799528784e-08
GE_HH-Survey-BL_Analysis_AllHHs.dta,p1_assets_home_BL,p1_assets_home_PPP_BL,7845,7845,4483,4483,True,True,False,0.021510002152091996,4.10484831641408e-08
GE_HH-Survey-BL_Analysis_AllHHs.dta,p1_assets_home_trim_BL,p1_assets_home_trim_PPP_BL,7845,7768,4409,4409,True,True,False,0.021510002152091996,4.211238527623752e-08
GE_HH-Survey-BL_Analysis_AllHHs.dta,p1_assets_home_wins_BL,p1_assets_home_wins_PPP_BL,7845,7845,4409,4409,True,True,False,0.021510002148572915,4.223932306560604e-08
GE_HH-Survey-BL_Analysis_AllHHs.dta,p1_assets_trim2_BL,p1_assets_trim2_PPP_BL,7845,7692,3599,3599,True,True,False,0.021510002167887707,3.787209944597391e-08
GE_HH-Survey-BL_Analysis_AllHHs.dta,p1_assets_trim_BL,p1_assets_trim_PPP_BL,7845,7768,3673,3673,True,True,False,0.021510002167887707,3.767414310494283e-08
GE_HH-Survey-BL_Analysis_AllHHs.dta,p1_assets_wins2_BL,p1_assets_wins2_PPP_BL,7845,7845,3599,3599,True,True,False,0.021510002167887707,3.787209944597391e-08
GE_HH-Survey-BL_Analysis_AllHHs.dta,p1_assets_wins_BL,p1_assets_wins_PPP_BL,7845,7845,3673,3673,True,True,False,0.021510002159998053,3.796012902220608e-08
GE_HH-Survey-BL_Analysis_AllHHs.dta,p3_2_nonagprofit_BL,p3_2_nonagprofit_PPP_BL,7845,7714,281,281,True,True,False,0.021510002136230468,6.32781264584609e-09
GE_HH-Survey-BL_Analysis_AllHHs.dta,p3_2_nonagprofit_trim_BL,p3_2_nonagprofit_trim_PPP_BL,7845,7638,250,250,True,True,False,0.021510002136230468,2.8954330566032842e-08
GE_HH-Survey-BL_Analysis_AllHHs.dta,p3_2_nonagprofit_wins_BL,p3_2_nonagprofit_wins_PPP_BL,7845,7714,250,250,True,True,False,0.021510002136230468,2.8954330566032842e-08
GE_HH-Survey-BL_Analysis_AllHHs.dta,p3_3_wageearnings_BL,p3_3_wageearnings_PPP_BL,7845,7845,499,499,True,True,False,0.021510002136230468,2.6601792029128893e-08
GE_HH-Survey-BL_Analysis_AllHHs.dta,p3_3_wageearnings_trim_BL,p3_3_wageearnings_trim_PPP_BL,7845,7770,448,448,True,True,False,0.021510002136230468,2.9003341990589052e-08
GE_HH-Survey-BL_Analysis_AllHHs.dta,p3_3_wageearnings_wins_BL,p3_3_wageearnings_wins_PPP_BL,7845,7845,448,448,True,True,False,0.021510002136230468,2.9003341990589052e-08
GE_HH-Survey-BL_Analysis_AllHHs.dta,p3_totincome_BL,p3_totincome_PPP_BL,7845,7845,701,701,True,True,False,0.021510002136230468,5.994769875012086e-09
GE_HH-Survey-BL_Analysis_AllHHs.dta,p3_totincome_trim_BL,p3_totincome_trim_PPP_BL,7845,7770,644,644,True,True,False,0.021510002136230468,2.9003341990589052e-08
GE_HH-Survey-BL_Analysis_AllHHs.dta,p3_totincome_wins_BL,p3_totincome_wins_PPP_BL,7845,7845,644,644,True,True,False,0.021510002136230468,2.9003341990589052e-08
GE_HH-Survey-BL_Analysis_AllHHs.dta,p4_2_nonagrevenue_BL,p4_2_nonagrevenue_PPP_BL,7845,7801,384,384,True,True,False,0.021510002136230468,1.3852104164800934e-08
GE_HH-Survey-BL_Analysis_AllHHs.dta,p4_2_nonagrevenue_trim_BL,p4_2_nonagrevenue_trim_PPP_BL,7845,7727,340,340,True,True,False,0.021510002136230468,3.546905603883852e-08
GE_HH-Survey-BL_Analysis_AllHHs.dta,p4_2_nonagrevenue_wins_BL,p4_2_nonagrevenue_wins_PPP_BL,7845,7801,340,340,True,True,False,0.021510002136230468,3.546905603883852e-08
GE_HH-Survey-BL_Analysis_AllHHs.dta,p4_4_totcosts_BL,p4_4_totcosts_PPP_BL,7845,7845,957,957,True,True,False,0.021510002136230468,2.739194437022554e-08
GE_HH-Survey-BL_Analysis_AllHHs.dta,p4_4_totcosts_trim_BL,p4_4_totcosts_trim_PPP_BL,7845,7768,889,889,True,True,False,0.021510002136230468,4.7206287213778915e-08
GE_HH-Survey-BL_Analysis_AllHHs.dta,p4_4_totcosts_wins_BL,p4_4_totcosts_wins_PPP_BL,7845,7845,889,889,True,True,False,0.021510002136230468,4.7206287213778915e-08
GE_HH-Survey-BL_Analysis_AllHHs.dta,p4_5_agcosts_BL,p4_5_agcosts_PPP_BL,7845,7845,668,668,True,True,False,0.021510002136230468,1.408518457389766e-08
GE_HH-Survey-BL_Analysis_AllHHs.dta,p4_5_agcosts_trim_BL,p4_5_agcosts_trim_PPP_BL,7845,7768,603,603,True,True,False,0.021510002136230468,4.4897538429599045e-08
GE_HH-Survey-BL_Analysis_AllHHs.dta,p4_5_agcosts_wins_BL,p4_5_agcosts_wins_PPP_BL,7845,7845,603,603,True,True,False,0.021510002136230468,4.4897538429599045e-08
GE_HH-Survey-BL_Analysis_AllHHs.dta,p4_6_nonagcosts_BL,p4_6_nonagcosts_PPP_BL,7845,7845,494,494,True,True,False,0.021510002136230468,2.739194437022554e-08
GE_HH-Survey-BL_Analysis_AllHHs.dta,p4_6_nonagcosts_trim_BL,p4_6_nonagcosts_trim_PPP_BL,7845,7768,424,424,True,True,False,0.021510002136230468,3.853428197832721e-08
GE_HH-Survey-BL_Analysis_AllHHs.dta,p4_6_nonagcosts_wins_BL,p4_6_nonagcosts_wins_PPP_BL,7845,7845,424,424,True,True,False,0.021510002136230468,3.853428197832721e-08
GE_HH-Survey-BL_Analysis_AllHHs.dta,p4_totrevenue_BL,p4_totrevenue_PPP_BL,7845,7801,384,384,True,True,False,0.021510002136230468,1.3852104164800934e-08
GE_HH-Survey-BL_Analysis_AllHHs.dta,p4_totrevenue_trim_BL,p4_totrevenue_trim_PPP_BL,7845,7727,340,340,True,True,False,0.021510002136230468,3.546905603883852e-08
GE_HH-Survey-BL_Analysis_AllHHs.dta,p4_totrevenue_wins_BL,p4_totrevenue_wins_PPP_BL,7845,7801,340,340,True,True,False,0.021510002136230468,3.546905603883852e-08
GE_HH-Survey-BL_Analysis_AllHHs.dta,totval_hhassets_BL,totval_hhassets_PPP_BL,7845,7845,3661,3661,True,True,False,0.021510002174187654,2.5768110667374968e-08
GE_HH-Survey-BL_Analysis_AllHHs.dta,totval_hhassets_wins_BL,totval_hhassets_wins_PPP_BL,7845,7845,3588,3588,True,True,False,0.021510002183618013,4.843224812809361e-08
