"cell_id","panel","multiplicity","trees","mtry_rule","actual_mtry","n_train","noise_sd","method","metric","replications","mean","sd","se_mean","ci95_low","ci95_high"
"cell_01","dose_response",1,2000,"fixed_6",6,3000,1,"ordinary","cate_correlation",20,0.937993751923982,0.00628218159607119,0.00140473850958133,0.935053600433275,0.940933903414689
"cell_01","dose_response",1,2000,"fixed_6",6,3000,1,"ordinary","cate_rank_correlation",20,0.892108639684787,0.0519729972763439,0.0116215154904316,0.867784528214635,0.91643275115494
"cell_01","dose_response",1,2000,"fixed_6",6,3000,1,"ordinary","sign_reversal",20,0.176906666666667,0.063605141209686,0.0142225419463331,0.14713854425816,0.206674789075173
"cell_01","dose_response",1,2000,"fixed_6",6,3000,1,"ordinary","positive_to_negative",20,0.007935,0.0111853259918457,0.00250111492682623,0.00270010629531302,0.013169893704687
"cell_01","dose_response",1,2000,"fixed_6",6,3000,1,"ordinary","negative_to_positive",20,0.168971666666667,0.0682539078631875,0.0152620377712095,0.137027854492237,0.200915478841096
"cell_01","dose_response",1,2000,"fixed_6",6,3000,1,"ordinary","strong_reversal_010",20,0.0399866666666667,0.0379664801375514,0.00848956304539606,0.0222178070012369,0.0577555263320965
"cell_01","dose_response",1,2000,"fixed_6",6,3000,1,"ordinary","strong_reversal_025",20,0,0,0,0,0
"cell_01","dose_response",1,2000,"fixed_6",6,3000,1,"ordinary","reversal_given_estimated_margin_010",20,0.0495405014629372,0.0427344318707073,0.00955570946427349,0.0295401716972757,0.0695408312285988
"cell_01","dose_response",1,2000,"fixed_6",6,3000,1,"ordinary","reversal_given_estimated_margin_025",20,0,0,0,0,0
"cell_01","dose_response",1,2000,"fixed_6",6,3000,1,"ordinary","reversal_given_true_margin_010",20,0.104667081062919,0.0354964571900348,0.00793724912373291,0.0880542277211146,0.121279934404723
"cell_01","dose_response",1,2000,"fixed_6",6,3000,1,"ordinary","reversal_given_true_margin_025",20,0.0106149649765034,0.0148915165445119,0.00332984432815913,0.00364552070023121,0.0175844092527755
"cell_01","dose_response",1,2000,"fixed_6",6,3000,1,"ordinary","x1_wrong_sign_true_margin_010",20,0.100504259580195,0.0413299386694434,0.00924165523707725,0.0811612528664435,0.119847266293946
"cell_01","dose_response",1,2000,"fixed_6",6,3000,1,"ordinary","x2_wrong_sign_true_margin_010",20,0.012666024316768,0.0129010694091544,0.00288476681813122,0.00662813797506039,0.0187039106584755
"cell_01","dose_response",1,2000,"fixed_6",6,3000,1,"ordinary","x1_wrong_sign_true_margin_025",20,0.00165361656655131,0.00108903486194299,0.000243515598117162,0.00114393256206846,0.00216330057103415
"cell_01","dose_response",1,2000,"fixed_6",6,3000,1,"ordinary","x2_wrong_sign_true_margin_025",20,0.0106774564776196,0.0154283393288707,0.00344988155192884,0.0034567714045731,0.0178981415506662
"cell_01","dose_response",1,2000,"fixed_6",6,3000,1,"ordinary","mean_absolute_prediction_change",20,0.148793757840523,0.00728658809741435,0.00162933063098593,0.145383529637286,0.152203986043761
"cell_02","dose_response",2,2000,"fixed_6",6,3000,1,"ordinary","cate_correlation",20,0.883896148221722,0.0102016046859527,0.00228114815573707,0.879121650260095,0.888670646183349
"cell_02","dose_response",2,2000,"fixed_6",6,3000,1,"ordinary","cate_rank_correlation",20,0.836014032562505,0.0394844794775797,0.00882899801680636,0.817534727337005,0.854493337788004
"cell_02","dose_response",2,2000,"fixed_6",6,3000,1,"ordinary","sign_reversal",20,0.24503,0.0515234993226988,0.0115210046924219,0.22091626004781,0.26914373995219
"cell_02","dose_response",2,2000,"fixed_6",6,3000,1,"ordinary","positive_to_negative",20,0.0278183333333333,0.0502264910822242,0.011230984833114,0.00431161192293078,0.0513250547437359
"cell_02","dose_response",2,2000,"fixed_6",6,3000,1,"ordinary","negative_to_positive",20,0.217211666666667,0.0336640198282105,0.00752750367317795,0.201456420409058,0.232966912924275
"cell_02","dose_response",2,2000,"fixed_6",6,3000,1,"ordinary","strong_reversal_010",20,0.133778333333333,0.0732839724425407,0.0163867944042742,0.0994803784705439,0.168076288196123
"cell_02","dose_response",2,2000,"fixed_6",6,3000,1,"ordinary","strong_reversal_025",20,1e-05,2.67104903062011e-05,5.97264720370147e-06,-2.50089426584171e-06,2.25008942658417e-05
"cell_02","dose_response",2,2000,"fixed_6",6,3000,1,"ordinary","reversal_given_estimated_margin_010",20,0.161038390113513,0.0777978994878443,0.0173961391761516,0.124627852363993,0.197448927863033
"cell_02","dose_response",2,2000,"fixed_6",6,3000,1,"ordinary","reversal_given_estimated_margin_025",20,1.92351708342936e-05,5.11066889426654e-05,1.14278030580737e-05,-4.68349585529547e-06,4.31538375238826e-05
"cell_02","dose_response",2,2000,"fixed_6",6,3000,1,"ordinary","reversal_given_true_margin_010",20,0.155915046603034,0.0542843481350863,0.0121383492544317,0.1305091896327,0.181320903573369
"cell_02","dose_response",2,2000,"fixed_6",6,3000,1,"ordinary","reversal_given_true_margin_025",20,0.0371915234682627,0.0668929971986351,0.0149577288954851,0.00588463709069412,0.0684984098458313
"cell_02","dose_response",2,2000,"fixed_6",6,3000,1,"ordinary","x1_wrong_sign_true_margin_010",20,0.127633918094711,0.0203870933378452,0.00455869265670549,0.118092464707572,0.137175371481851
"cell_02","dose_response",2,2000,"fixed_6",6,3000,1,"ordinary","x2_wrong_sign_true_margin_010",20,0.0343197558353107,0.0572577415532819,0.0128032202351253,0.00752230790930634,0.0611172037613151
"cell_02","dose_response",2,2000,"fixed_6",6,3000,1,"ordinary","x1_wrong_sign_true_margin_025",20,0.00153999266538134,0.00104272049168632,0.000233159390094262,0.00105198445340288,0.0020280008773598
"cell_02","dose_response",2,2000,"fixed_6",6,3000,1,"ordinary","x2_wrong_sign_true_margin_025",20,0.037411684932444,0.0674363913317435,0.0150792355175056,0.00585048227221664,0.0689728875926713
"cell_02","dose_response",2,2000,"fixed_6",6,3000,1,"ordinary","mean_absolute_prediction_change",20,0.215573641961434,0.00984420473109199,0.00220123109631467,0.210966412327536,0.220180871595333
"cell_03","dose_response",4,2000,"fixed_6",6,3000,1,"ordinary","cate_correlation",20,0.820896521628395,0.0135891276790044,0.00303862132451778,0.814536614103941,0.827256429152848
"cell_03","dose_response",4,2000,"fixed_6",6,3000,1,"ordinary","cate_rank_correlation",20,0.814426186380251,0.0304099346231718,0.00679986810087365,0.800193898878319,0.828658473882184
"cell_03","dose_response",4,2000,"fixed_6",6,3000,1,"ordinary","sign_reversal",20,0.30057,0.0711735970987599,0.0159149001316009,0.267259731201053,0.333880268798947
"cell_03","dose_response",4,2000,"fixed_6",6,3000,1,"ordinary","positive_to_negative",20,0.06413,0.0728099174691975,0.0162807924897275,0.0300539096941702,0.0982060903058298
"cell_03","dose_response",4,2000,"fixed_6",6,3000,1,"ordinary","negative_to_positive",20,0.23644,0.00889749028284569,0.00198953931015868,0.232275846366647,0.240604153633353
"cell_03","dose_response",4,2000,"fixed_6",6,3000,1,"ordinary","strong_reversal_010",20,0.209978333333333,0.0456980047103035,0.0102183844968344,0.188591008784266,0.231365657882401
"cell_03","dose_response",4,2000,"fixed_6",6,3000,1,"ordinary","strong_reversal_025",20,0.0154666666666667,0.023563719759174,0.00526900791842681,0.00443850635053149,0.0264948269828018
"cell_03","dose_response",4,2000,"fixed_6",6,3000,1,"ordinary","reversal_given_estimated_margin_010",20,0.265795390409678,0.0564055432010695,0.0126126628905392,0.239396783589636,0.29219399722972
"cell_03","dose_response",4,2000,"fixed_6",6,3000,1,"ordinary","reversal_given_estimated_margin_025",20,0.0279558150059189,0.0393443034279581,0.00879765369922924,0.00954211419107789,0.04636951582076
"cell_03","dose_response",4,2000,"fixed_6",6,3000,1,"ordinary","reversal_given_true_margin_010",20,0.20898555621535,0.0817393170691168,0.0182774669400954,0.170730378256077,0.247240734174622
"cell_03","dose_response",4,2000,"fixed_6",6,3000,1,"ordinary","reversal_given_true_margin_025",20,0.0855975582440795,0.096941021158522,0.0216766713118701,0.0402277637688329,0.130967352719326
"cell_03","dose_response",4,2000,"fixed_6",6,3000,1,"ordinary","x1_wrong_sign_true_margin_010",20,0.138597691660541,0.00497628238393793,0.00111273056857199,0.136268719814445,0.140926663506638
"cell_03","dose_response",4,2000,"fixed_6",6,3000,1,"ordinary","x2_wrong_sign_true_margin_010",20,0.0748389083484983,0.0832426064493805,0.0186136126645077,0.0358801693022445,0.113797647394752
"cell_03","dose_response",4,2000,"fixed_6",6,3000,1,"ordinary","x1_wrong_sign_true_margin_025",20,0.00155337834852891,0.00116056380730865,0.00025950995653681,0.00101021776713892,0.00209653892991891
"cell_03","dose_response",4,2000,"fixed_6",6,3000,1,"ordinary","x2_wrong_sign_true_margin_025",20,0.0854261447428145,0.0975060998791381,0.0218030267550637,0.0397918852855583,0.131060404200071
"cell_03","dose_response",4,2000,"fixed_6",6,3000,1,"ordinary","mean_absolute_prediction_change",20,0.280089428396195,0.011599620870852,0.00259375407804504,0.274660638719627,0.285518218072763
"cell_04","dose_response",8,2000,"fixed_6",6,3000,1,"ordinary","cate_correlation",20,0.766560105335871,0.0147761278641048,0.00330404263483672,0.759644664624368,0.773475546047375
"cell_04","dose_response",8,2000,"fixed_6",6,3000,1,"ordinary","cate_rank_correlation",20,0.799130391792234,0.0125544939869281,0.00280727019778836,0.793254707741039,0.805006075843428
"cell_04","dose_response",8,2000,"fixed_6",6,3000,1,"ordinary","sign_reversal",20,0.355448333333333,0.0801171054261906,0.017914729389348,0.317952373793213,0.392944292873454
"cell_04","dose_response",8,2000,"fixed_6",6,3000,1,"ordinary","positive_to_negative",20,0.114443333333333,0.0809022499488341,0.0180902930418272,0.0765799148454938,0.152306751821173
"cell_04","dose_response",8,2000,"fixed_6",6,3000,1,"ordinary","negative_to_positive",20,0.241005,0.00628028824719345,0.00140431514390176,0.238065734623844,0.243944265376156
"cell_04","dose_response",8,2000,"fixed_6",6,3000,1,"ordinary","strong_reversal_010",20,0.255431666666667,0.0559713381904561,0.012515571698549,0.229236274046932,0.281627059286402
"cell_04","dose_response",8,2000,"fixed_6",6,3000,1,"ordinary","strong_reversal_025",20,0.0684783333333333,0.0546216302237868,0.0122137678222244,0.0429146234864594,0.0940420431802072
"cell_04","dose_response",8,2000,"fixed_6",6,3000,1,"ordinary","reversal_given_estimated_margin_010",20,0.320103285601565,0.0540489910048282,0.0120857218002071,0.294807579158844,0.345398992044285
"cell_04","dose_response",8,2000,"fixed_6",6,3000,1,"ordinary","reversal_given_estimated_margin_025",20,0.112322329558557,0.0814385143095758,0.0182102053982801,0.0742079316242407,0.150436727492873
"cell_04","dose_response",8,2000,"fixed_6",6,3000,1,"ordinary","reversal_given_true_margin_010",20,0.269084531571423,0.091721658819152,0.0205095864128667,0.226157473863328,0.312011589279519
"cell_04","dose_response",8,2000,"fixed_6",6,3000,1,"ordinary","reversal_given_true_margin_025",20,0.152751764721505,0.107689550962864,0.0240801156419392,0.102351503449992,0.203152025993017
"cell_04","dose_response",8,2000,"fixed_6",6,3000,1,"ordinary","x1_wrong_sign_true_margin_010",20,0.140766815654646,0.00340172425142454,0.000760648666689485,0.139174759698312,0.142358871610981
"cell_04","dose_response",8,2000,"fixed_6",6,3000,1,"ordinary","x2_wrong_sign_true_margin_010",20,0.131827585512294,0.0925286663132562,0.0206900387743836,0.0885228366708687,0.17513233435372
"cell_04","dose_response",8,2000,"fixed_6",6,3000,1,"ordinary","x1_wrong_sign_true_margin_025",20,0.00146896402836581,0.0012373683782002,0.000276683980686431,0.000889857801319662,0.00204807025541195
"cell_04","dose_response",8,2000,"fixed_6",6,3000,1,"ordinary","x2_wrong_sign_true_margin_025",20,0.152331229315368,0.108060248044603,0.024163006029322,0.101757476469184,0.202904982161552
"cell_04","dose_response",8,2000,"fixed_6",6,3000,1,"ordinary","mean_absolute_prediction_change",20,0.327455157564136,0.0130608349435747,0.00292049147767377,0.321342498650671,0.333567816477602
"cell_05","dose_response",16,2000,"fixed_6",6,3000,1,"ordinary","cate_correlation",20,0.701257584348655,0.0160443824134023,0.00358763297333697,0.693748582237073,0.708766586460238
"cell_05","dose_response",16,2000,"fixed_6",6,3000,1,"ordinary","cate_rank_correlation",20,0.786806382540229,0.00692279889418381,0.00154798489219554,0.783566412925003,0.790046352155455
"cell_05","dose_response",16,2000,"fixed_6",6,3000,1,"ordinary","sign_reversal",20,0.413333333333333,0.0736535488836614,0.0164694342087971,0.378862411371826,0.447804255294841
"cell_05","dose_response",16,2000,"fixed_6",6,3000,1,"ordinary","positive_to_negative",20,0.170501666666667,0.0738067814718138,0.0165036980571448,0.135959029646371,0.205044303686962
"cell_05","dose_response",16,2000,"fixed_6",6,3000,1,"ordinary","negative_to_positive",20,0.242831666666667,0.00576657514378238,0.0012894454018858,0.240132826423673,0.24553050690966
"cell_05","dose_response",16,2000,"fixed_6",6,3000,1,"ordinary","strong_reversal_010",20,0.29502,0.0707495652457041,0.0158200837267951,0.261908184217064,0.328131815782936
"cell_05","dose_response",16,2000,"fixed_6",6,3000,1,"ordinary","strong_reversal_025",20,0.12013,0.0710344779971493,0.0158837921547839,0.0868848409448153,0.153375159055185
"cell_05","dose_response",16,2000,"fixed_6",6,3000,1,"ordinary","reversal_given_estimated_margin_010",20,0.358760186994249,0.0562416496056026,0.0125760151684852,0.332438284738006,0.385082089250492
"cell_05","dose_response",16,2000,"fixed_6",6,3000,1,"ordinary","reversal_given_estimated_margin_025",20,0.183243151741262,0.0964882337978272,0.0215754249800834,0.138085268273865,0.228401035208659
"cell_05","dose_response",16,2000,"fixed_6",6,3000,1,"ordinary","reversal_given_true_margin_010",20,0.334170147746678,0.0841077928815035,0.0188070742320515,0.294806488985952,0.373533806507405
"cell_05","dose_response",16,2000,"fixed_6",6,3000,1,"ordinary","reversal_given_true_margin_025",20,0.22758302979112,0.0983344491317509,0.021988251278859,0.181561090950094,0.273604968632146
"cell_05","dose_response",16,2000,"fixed_6",6,3000,1,"ordinary","x1_wrong_sign_true_margin_010",20,0.141558375359935,0.00306615237432736,0.000685612513836836,0.140123371876471,0.142993378843399
"cell_05","dose_response",16,2000,"fixed_6",6,3000,1,"ordinary","x2_wrong_sign_true_margin_010",20,0.195508921795042,0.084699366686017,0.0189393541561115,0.155868397971342,0.235149445618741
"cell_05","dose_response",16,2000,"fixed_6",6,3000,1,"ordinary","x1_wrong_sign_true_margin_025",20,0.00151789831209545,0.00135353272722211,0.000302659118783932,0.000884425496194654,0.00215137112799624
"cell_05","dose_response",16,2000,"fixed_6",6,3000,1,"ordinary","x2_wrong_sign_true_margin_025",20,0.226953744605292,0.0987067299071972,0.0220714957909205,0.180757572998123,0.27314991621246
"cell_05","dose_response",16,2000,"fixed_6",6,3000,1,"ordinary","mean_absolute_prediction_change",20,0.371355498956433,0.0156070053439339,0.00348983248742386,0.3640511956144,0.378659802298467
"cell_06","tree_robustness",8,800,"fixed_6",6,3000,1,"ordinary","cate_correlation",20,0.763529483796325,0.0148317114867091,0.00331647151069461,0.756588029148681,0.770470938443969
"cell_06","tree_robustness",8,800,"fixed_6",6,3000,1,"ordinary","cate_rank_correlation",20,0.795235787068706,0.0125968783115955,0.00281674762090204,0.789340266542961,0.801131307594452
"cell_06","tree_robustness",8,800,"fixed_6",6,3000,1,"ordinary","sign_reversal",20,0.364913333333333,0.0783415892625822,0.0175177119056501,0.328248340936613,0.401578325730054
"cell_06","tree_robustness",8,800,"fixed_6",6,3000,1,"ordinary","positive_to_negative",20,0.124276666666667,0.0788804833591349,0.0176382122889067,0.0873594640692248,0.161193869264109
"cell_06","tree_robustness",8,800,"fixed_6",6,3000,1,"ordinary","negative_to_positive",20,0.240636666666667,0.00672917102547249,0.00150468838451785,0.237487317683482,0.243786015649851
"cell_06","tree_robustness",8,800,"fixed_6",6,3000,1,"ordinary","strong_reversal_010",20,0.256651666666667,0.0558110685903162,0.012479734326485,0.230531282528708,0.282772050804625
"cell_06","tree_robustness",8,800,"fixed_6",6,3000,1,"ordinary","strong_reversal_025",20,0.066925,0.054488851668395,0.0121840776346434,0.0414234324299131,0.0924265675700869
"cell_06","tree_robustness",8,800,"fixed_6",6,3000,1,"ordinary","reversal_given_estimated_margin_010",20,0.32146159704283,0.0538019735679115,0.0120304870221497,0.296281498319224,0.346641695766437
"cell_06","tree_robustness",8,800,"fixed_6",6,3000,1,"ordinary","reversal_given_estimated_margin_025",20,0.110051615435034,0.0812372390104187,0.0181651988731694,0.0720314172403799,0.148071813629688
"cell_06","tree_robustness",8,800,"fixed_6",6,3000,1,"ordinary","reversal_given_true_margin_010",20,0.280119324499011,0.0895412490738841,0.0200220319719445,0.238212729963599,0.322025919034423
"cell_06","tree_robustness",8,800,"fixed_6",6,3000,1,"ordinary","reversal_given_true_margin_025",20,0.165874730431449,0.105017047444339,0.0234825256881862,0.116725239307814,0.215024221555084
"cell_06","tree_robustness",8,800,"fixed_6",6,3000,1,"ordinary","x1_wrong_sign_true_margin_010",20,0.140584050941668,0.00350123404035789,0.000782899731937649,0.138945422970532,0.142222678912803
"cell_06","tree_robustness",8,800,"fixed_6",6,3000,1,"ordinary","x2_wrong_sign_true_margin_010",20,0.143003466657839,0.0903171260076514,0.0201955233285523,0.100733750539815,0.185273182775863
"cell_06","tree_robustness",8,800,"fixed_6",6,3000,1,"ordinary","x1_wrong_sign_true_margin_025",20,0.00155998554578824,0.00130544624162424,0.000291906653724341,0.00094901789790136,0.00217095319367512
"cell_06","tree_robustness",8,800,"fixed_6",6,3000,1,"ordinary","x2_wrong_sign_true_margin_025",20,0.165443054375407,0.105475335317907,0.0235850019720424,0.116079077924655,0.214807030826159
"cell_06","tree_robustness",8,800,"fixed_6",6,3000,1,"ordinary","mean_absolute_prediction_change",20,0.332323038839861,0.0131709128349308,0.00294510564246296,0.326158861887412,0.338487215792309
"cell_07","tree_robustness",8,5000,"fixed_6",6,3000,1,"ordinary","cate_correlation",20,0.761993120610962,0.0143138601439764,0.00320067643023562,0.755294027852101,0.768692213369823
"cell_07","tree_robustness",8,5000,"fixed_6",6,3000,1,"ordinary","cate_rank_correlation",20,0.800167050615652,0.0117998285881907,0.00263852188460397,0.794644560843093,0.805689540388211
"cell_07","tree_robustness",8,5000,"fixed_6",6,3000,1,"ordinary","sign_reversal",20,0.36249,0.0813066817852258,0.0181807267496709,0.324437301586314,0.400542698413686
"cell_07","tree_robustness",8,5000,"fixed_6",6,3000,1,"ordinary","positive_to_negative",20,0.121378333333333,0.0819769574492221,0.0183306049445068,0.0830119362526246,0.159744730414042
"cell_07","tree_robustness",8,5000,"fixed_6",6,3000,1,"ordinary","negative_to_positive",20,0.241111666666667,0.00627212598147433,0.00140249000580192,0.238176221348456,0.244047111984877
"cell_07","tree_robustness",8,5000,"fixed_6",6,3000,1,"ordinary","strong_reversal_010",20,0.25757,0.0574923772216499,0.012855686365567,0.230662739200939,0.284477260799061
"cell_07","tree_robustness",8,5000,"fixed_6",6,3000,1,"ordinary","strong_reversal_025",20,0.0701366666666667,0.0558756868947927,0.0124941834186251,0.043986040231295,0.0962872931020384
"cell_07","tree_robustness",8,5000,"fixed_6",6,3000,1,"ordinary","reversal_given_estimated_margin_010",20,0.323110645594706,0.0551558741279352,0.0123332283908485,0.297296901904149,0.348924389285264
"cell_07","tree_robustness",8,5000,"fixed_6",6,3000,1,"ordinary","reversal_given_estimated_margin_025",20,0.114595109358088,0.0831484396822469,0.0185925563352545,0.0756804417154587,0.153509777000717
"cell_07","tree_robustness",8,5000,"fixed_6",6,3000,1,"ordinary","reversal_given_true_margin_010",20,0.277056107869269,0.0930260432526397,0.0208012556390738,0.233518579454791,0.320593636283747
"cell_07","tree_robustness",8,5000,"fixed_6",6,3000,1,"ordinary","reversal_given_true_margin_025",20,0.161995437965877,0.10914654224351,0.024405908796554,0.110913283784994,0.21307759214676
"cell_07","tree_robustness",8,5000,"fixed_6",6,3000,1,"ordinary","x1_wrong_sign_true_margin_010",20,0.140795321497326,0.00336622719538617,0.000752711283659194,0.139219878674602,0.142370764320049
"cell_07","tree_robustness",8,5000,"fixed_6",6,3000,1,"ordinary","x2_wrong_sign_true_margin_010",20,0.139645061408102,0.0937806031498167,0.0209699803613921,0.0957543880912385,0.183535734724966
"cell_07","tree_robustness",8,5000,"fixed_6",6,3000,1,"ordinary","x1_wrong_sign_true_margin_025",20,0.00149106886992757,0.00129094392509994,0.000288663837166387,0.000886888515100518,0.00209524922475462
"cell_07","tree_robustness",8,5000,"fixed_6",6,3000,1,"ordinary","x2_wrong_sign_true_margin_025",20,0.161512766964777,0.109486374037037,0.0244818974956783,0.110271566608764,0.21275396732079
"cell_07","tree_robustness",8,5000,"fixed_6",6,3000,1,"ordinary","mean_absolute_prediction_change",20,0.32976107528665,0.0133766135020622,0.00299110170993525,0.323500627458574,0.336021523114726
"cell_08","default_mtry",8,2000,"grf_default",27,3000,1,"ordinary","cate_correlation",20,0.993563320527971,0.000782514156666676,0.000174975484766261,0.993197092629423,0.993929548426518
"cell_08","default_mtry",8,2000,"grf_default",27,3000,1,"ordinary","cate_rank_correlation",20,0.97332744963963,0.0384007994955971,0.00858667980624947,0.955355322257648,0.991299577021613
"cell_08","default_mtry",8,2000,"grf_default",27,3000,1,"ordinary","sign_reversal",20,0.0736533333333333,0.0530425520453662,0.0118606752073509,0.0488286548228236,0.0984780118438431
"cell_08","default_mtry",8,2000,"grf_default",27,3000,1,"ordinary","positive_to_negative",20,0.00255333333333333,0.00273197227559503,0.000610887572087528,0.00127473095041505,0.00383193571625162
"cell_08","default_mtry",8,2000,"grf_default",27,3000,1,"ordinary","negative_to_positive",20,0.0711,0.0536335988348405,0.0119928372872657,0.045998703077148,0.096201296922852
"cell_08","default_mtry",8,2000,"grf_default",27,3000,1,"ordinary","strong_reversal_010",20,0.000136666666666667,0.000229135165299018,5.12361805644255e-05,2.94281082893167e-05,0.000243905225044017
"cell_08","default_mtry",8,2000,"grf_default",27,3000,1,"ordinary","strong_reversal_025",20,0,0,0,0,0
"cell_08","default_mtry",8,2000,"grf_default",27,3000,1,"ordinary","reversal_given_estimated_margin_010",20,0.000172011302431786,0.000289754967827103,6.47911804879668e-05,3.64018031569615e-05,0.000307620801706611
"cell_08","default_mtry",8,2000,"grf_default",27,3000,1,"ordinary","reversal_given_estimated_margin_025",20,0,0,0,0,0
"cell_08","default_mtry",8,2000,"grf_default",27,3000,1,"ordinary","reversal_given_true_margin_010",20,0.0420585257868276,0.0290032035489262,0.00648531347006621,0.0284846086936008,0.0556324428800544
"cell_08","default_mtry",8,2000,"grf_default",27,3000,1,"ordinary","reversal_given_true_margin_025",20,0.00344733793127998,0.00360429477381745,0.000805944812520305,0.00176047605214939,0.00513419981041058
"cell_08","default_mtry",8,2000,"grf_default",27,3000,1,"ordinary","x1_wrong_sign_true_margin_010",20,0.059059580222242,0.0431905728560906,0.00965770568933758,0.0388457699040624,0.0792733905404215
"cell_08","default_mtry",8,2000,"grf_default",27,3000,1,"ordinary","x2_wrong_sign_true_margin_010",20,0.0228047568402643,0.0308941163697305,0.00690813443075065,0.00834586530561697,0.0372636483749117
"cell_08","default_mtry",8,2000,"grf_default",27,3000,1,"ordinary","x1_wrong_sign_true_margin_025",20,0.00228732668206445,0.00183715747968361,0.000410800900994475,0.00142751051471041,0.00314714284941849
"cell_08","default_mtry",8,2000,"grf_default",27,3000,1,"ordinary","x2_wrong_sign_true_margin_025",20,0.00561029720649752,0.00475364618105005,0.00106294760018102,0.00338552231074306,0.00783507210225198
"cell_08","default_mtry",8,2000,"grf_default",27,3000,1,"ordinary","mean_absolute_prediction_change",20,0.0748139738581087,0.00486259898223815,0.00108731018716058,0.0725382074817784,0.077089740234439
"cell_09","larger_sample",8,2000,"fixed_6",6,10000,1,"ordinary","cate_correlation",20,0.875842006674815,0.0049662709564988,0.00111049194534142,0.873517720320989,0.878166293028642
"cell_09","larger_sample",8,2000,"fixed_6",6,10000,1,"ordinary","cate_rank_correlation",20,0.78950582986494,0.00872652648535698,0.00195131064287105,0.785421689751788,0.793589969978092
"cell_09","larger_sample",8,2000,"fixed_6",6,10000,1,"ordinary","sign_reversal",20,0.280095,0.044391929716747,0.00992633724990393,0.259318937363782,0.300871062636218
"cell_09","larger_sample",8,2000,"fixed_6",6,10000,1,"ordinary","positive_to_negative",20,0.035005,0.0438157122542916,0.00979749110831665,0.0144986154374417,0.0555113845625583
"cell_09","larger_sample",8,2000,"fixed_6",6,10000,1,"ordinary","negative_to_positive",20,0.24509,0.00367339255532227,0.000821395546174226,0.243370799363674,0.246809200636326
"cell_09","larger_sample",8,2000,"fixed_6",6,10000,1,"ordinary","strong_reversal_010",20,0.194683333333333,0.0467755390415929,0.0104593284981197,0.17279170719381,0.216574959472856
"cell_09","larger_sample",8,2000,"fixed_6",6,10000,1,"ordinary","strong_reversal_025",20,0.00527333333333333,0.00500359636743284,0.00111883816095508,0.00293157814946439,0.00761508851720228
"cell_09","larger_sample",8,2000,"fixed_6",6,10000,1,"ordinary","reversal_given_estimated_margin_010",20,0.250262818129445,0.0481268721759415,0.0107614957729848,0.227738748615174,0.272786887643716
"cell_09","larger_sample",8,2000,"fixed_6",6,10000,1,"ordinary","reversal_given_estimated_margin_025",20,0.0102750314488824,0.00954441026934535,0.00213419501674033,0.00580810994204656,0.0147419529557183
"cell_09","larger_sample",8,2000,"fixed_6",6,10000,1,"ordinary","reversal_given_true_margin_010",20,0.180554812687907,0.050375426644284,0.0112642878372173,0.156978387288832,0.204131238086982
"cell_09","larger_sample",8,2000,"fixed_6",6,10000,1,"ordinary","reversal_given_true_margin_025",20,0.0467402468024959,0.0584900613866625,0.0130787753268713,0.0193660554411524,0.0741144381638394
"cell_09","larger_sample",8,2000,"fixed_6",6,10000,1,"ordinary","x1_wrong_sign_true_margin_010",20,0.141783997889364,0.00216222904576504,0.000483489112925514,0.140772043545967,0.142795952232762
"cell_09","larger_sample",8,2000,"fixed_6",6,10000,1,"ordinary","x2_wrong_sign_true_margin_010",20,0.0410094574655759,0.0501388308718808,0.0112113834141891,0.0175437622964839,0.0644751526346679
"cell_09","larger_sample",8,2000,"fixed_6",6,10000,1,"ordinary","x1_wrong_sign_true_margin_025",20,0.000486859168985819,0.000416149087105284,9.30537647541896e-05,0.000292095401002048,0.00068162293696959
"cell_09","larger_sample",8,2000,"fixed_6",6,10000,1,"ordinary","x2_wrong_sign_true_margin_025",20,0.0469204101189802,0.0585436005567617,0.0130907470492514,0.0195211616547225,0.0743196585832379
"cell_09","larger_sample",8,2000,"fixed_6",6,10000,1,"ordinary","mean_absolute_prediction_change",20,0.257690644328175,0.00609943423593926,0.00136387495758497,0.254836021234745,0.260545267421606
"cell_10","noise_robustness",8,2000,"fixed_6",6,3000,0.5,"ordinary","cate_correlation",20,0.827664969717717,0.00742549245970723,0.00166039059063175,0.824189732271812,0.831140207163623
"cell_10","noise_robustness",8,2000,"fixed_6",6,3000,0.5,"ordinary","cate_rank_correlation",20,0.786135106561439,0.00623986559428545,0.00139527636392844,0.783214759569189,0.789055453553689
"cell_10","noise_robustness",8,2000,"fixed_6",6,3000,0.5,"ordinary","sign_reversal",20,0.308378333333333,0.0754109112081253,0.0168623923706569,0.273084940486677,0.343671726179989
"cell_10","noise_robustness",8,2000,"fixed_6",6,3000,0.5,"ordinary","positive_to_negative",20,0.0629366666666667,0.0758728036089703,0.0169656746513149,0.0274271015221993,0.0984462318111341
"cell_10","noise_robustness",8,2000,"fixed_6",6,3000,0.5,"ordinary","negative_to_positive",20,0.245441666666667,0.00398706791092349,0.0008915354879733,0.24357566144498,0.247307671888353
"cell_10","noise_robustness",8,2000,"fixed_6",6,3000,0.5,"ordinary","strong_reversal_010",20,0.242951666666667,0.00726945443869464,0.00162549942842588,0.239549457262544,0.246353876070789
"cell_10","noise_robustness",8,2000,"fixed_6",6,3000,0.5,"ordinary","strong_reversal_025",20,0.014025,0.0125545307634359,0.0028072784212655,0.00814929873686992,0.0199007012631301
"cell_10","noise_robustness",8,2000,"fixed_6",6,3000,0.5,"ordinary","reversal_given_estimated_margin_010",20,0.319164494512193,0.0128435196177168,0.00287189829355669,0.313153542301965,0.325175446722421
"cell_10","noise_robustness",8,2000,"fixed_6",6,3000,0.5,"ordinary","reversal_given_estimated_margin_025",20,0.0265981458486002,0.022642426629943,0.0050630005120104,0.0160011639894808,0.0371951277077196
"cell_10","noise_robustness",8,2000,"fixed_6",6,3000,0.5,"ordinary","reversal_given_true_margin_010",20,0.212731744851245,0.0863358522842169,0.019305283460289,0.172325322191689,0.2531381675108
"cell_10","noise_robustness",8,2000,"fixed_6",6,3000,0.5,"ordinary","reversal_given_true_margin_025",20,0.0839289793102463,0.101084898205737,0.0226032703886675,0.0366197906784701,0.131238167942023
"cell_10","noise_robustness",8,2000,"fixed_6",6,3000,0.5,"ordinary","x1_wrong_sign_true_margin_010",20,0.142178580707501,0.00224740728440753,0.000502535546106344,0.141126761721305,0.143230399693697
"cell_10","noise_robustness",8,2000,"fixed_6",6,3000,0.5,"ordinary","x2_wrong_sign_true_margin_010",20,0.0724875341711356,0.0867761438671517,0.0194037356512253,0.0318750487077411,0.11310001963453
"cell_10","noise_robustness",8,2000,"fixed_6",6,3000,0.5,"ordinary","x1_wrong_sign_true_margin_025",20,0.00058499527752755,0.000497237892056044,0.000111185772762602,0.000352280780627448,0.000817709774427652
"cell_10","noise_robustness",8,2000,"fixed_6",6,3000,0.5,"ordinary","x2_wrong_sign_true_margin_025",20,0.0835843666009968,0.101391926172212,0.0226719239290706,0.0361314844577366,0.131037248744257
"cell_10","noise_robustness",8,2000,"fixed_6",6,3000,0.5,"ordinary","mean_absolute_prediction_change",20,0.290525772150402,0.00909255490452408,0.0020331570855665,0.286270325463921,0.294781218836883
"cell_11","noise_robustness",8,2000,"fixed_6",6,3000,2,"ordinary","cate_correlation",20,0.648740493118932,0.0617437061596405,0.0138063124155729,0.619843549130461,0.677637437107402
"cell_11","noise_robustness",8,2000,"fixed_6",6,3000,2,"ordinary","cate_rank_correlation",20,0.761364380257983,0.0345076980533195,0.00771615585942595,0.745214280436641,0.777514480079325
"cell_11","noise_robustness",8,2000,"fixed_6",6,3000,2,"ordinary","sign_reversal",20,0.349746666666667,0.0851661962427355,0.0190437404183844,0.30988765988508,0.389605673448253
"cell_11","noise_robustness",8,2000,"fixed_6",6,3000,2,"ordinary","positive_to_negative",20,0.12805,0.0815688963625301,0.0182393597116253,0.0898745813865625,0.166225418613437
"cell_11","noise_robustness",8,2000,"fixed_6",6,3000,2,"ordinary","negative_to_positive",20,0.221696666666667,0.0296559785596005,0.0066312783998543,0.207817241464293,0.23557609186904
"cell_11","noise_robustness",8,2000,"fixed_6",6,3000,2,"ordinary","strong_reversal_010",20,0.246241666666667,0.0837804174491463,0.0187338708599601,0.207031224324591,0.285452109008742
"cell_11","noise_robustness",8,2000,"fixed_6",6,3000,2,"ordinary","strong_reversal_025",20,0.093175,0.065636229365063,0.0146767070647049,0.0624562990740683,0.123893700925932
"cell_11","noise_robustness",8,2000,"fixed_6",6,3000,2,"ordinary","reversal_given_estimated_margin_010",20,0.299054045611597,0.0897225159221588,0.0200625644714254,0.257062615579786,0.341045475643408
"cell_11","noise_robustness",8,2000,"fixed_6",6,3000,2,"ordinary","reversal_given_estimated_margin_025",20,0.149716092635838,0.0977951665717899,0.0218676640325437,0.103946545802005,0.195485639469672
"cell_11","noise_robustness",8,2000,"fixed_6",6,3000,2,"ordinary","reversal_given_true_margin_010",20,0.274594924118354,0.0923407837393747,0.0206480269536849,0.23137810702822,0.317811741208487
"cell_11","noise_robustness",8,2000,"fixed_6",6,3000,2,"ordinary","reversal_given_true_margin_025",20,0.17359719123797,0.107195558400911,0.0239696555470487,0.123428125602115,0.223766256873824
"cell_11","noise_robustness",8,2000,"fixed_6",6,3000,2,"ordinary","x1_wrong_sign_true_margin_010",20,0.133654003784644,0.0183140881101145,0.00409515459601367,0.125082746708666,0.142225260860621
"cell_11","noise_robustness",8,2000,"fixed_6",6,3000,2,"ordinary","x2_wrong_sign_true_margin_010",20,0.149454497106186,0.0906935562213602,0.020279695683216,0.107008606225135,0.191900387987238
"cell_11","noise_robustness",8,2000,"fixed_6",6,3000,2,"ordinary","x1_wrong_sign_true_margin_025",20,0.00563505600352492,0.00542594993251103,0.00121327928916051,0.00309563326659656,0.00817447874045327
"cell_11","noise_robustness",8,2000,"fixed_6",6,3000,2,"ordinary","x2_wrong_sign_true_margin_025",20,0.17091351844019,0.107481653090136,0.0240336282643595,0.120610556368178,0.221216480512202
"cell_11","noise_robustness",8,2000,"fixed_6",6,3000,2,"ordinary","mean_absolute_prediction_change",20,0.373177704244984,0.0288204342957107,0.00644444502262755,0.359689325795312,0.386666082694655
"cell_12","invariant_check",16,2000,"fixed_6",6,3000,1,"class_sampled","cate_correlation",20,1,5.69532394625957e-17,1.27351314977188e-17,1,1
"cell_12","invariant_check",16,2000,"fixed_6",6,3000,1,"class_sampled","cate_rank_correlation",20,1,0,0,1,1
"cell_12","invariant_check",16,2000,"fixed_6",6,3000,1,"class_sampled","sign_reversal",20,0,0,0,0,0
"cell_12","invariant_check",16,2000,"fixed_6",6,3000,1,"class_sampled","positive_to_negative",20,0,0,0,0,0
"cell_12","invariant_check",16,2000,"fixed_6",6,3000,1,"class_sampled","negative_to_positive",20,0,0,0,0,0
"cell_12","invariant_check",16,2000,"fixed_6",6,3000,1,"class_sampled","strong_reversal_010",20,0,0,0,0,0
"cell_12","invariant_check",16,2000,"fixed_6",6,3000,1,"class_sampled","strong_reversal_025",20,0,0,0,0,0
"cell_12","invariant_check",16,2000,"fixed_6",6,3000,1,"class_sampled","reversal_given_estimated_margin_010",20,0,0,0,0,0
"cell_12","invariant_check",16,2000,"fixed_6",6,3000,1,"class_sampled","reversal_given_estimated_margin_025",20,0,0,0,0,0
"cell_12","invariant_check",16,2000,"fixed_6",6,3000,1,"class_sampled","reversal_given_true_margin_010",20,0,0,0,0,0
"cell_12","invariant_check",16,2000,"fixed_6",6,3000,1,"class_sampled","reversal_given_true_margin_025",20,0,0,0,0,0
"cell_12","invariant_check",16,2000,"fixed_6",6,3000,1,"class_sampled","x1_wrong_sign_true_margin_010",20,0.0138707927781428,0.01558035407097,0.00348387308162045,0.00657896261580559,0.02116262294048
"cell_12","invariant_check",16,2000,"fixed_6",6,3000,1,"class_sampled","x2_wrong_sign_true_margin_010",20,0.0138707927781428,0.01558035407097,0.00348387308162045,0.00657896261580559,0.02116262294048
"cell_12","invariant_check",16,2000,"fixed_6",6,3000,1,"class_sampled","x1_wrong_sign_true_margin_025",20,0.00251047988826093,0.00169547593709328,0.000379119944955573,0.00171697272396296,0.0033039870525589
"cell_12","invariant_check",16,2000,"fixed_6",6,3000,1,"class_sampled","x2_wrong_sign_true_margin_025",20,0.00251047988826093,0.00169547593709328,0.000379119944955573,0.00171697272396296,0.0033039870525589
"cell_12","invariant_check",16,2000,"fixed_6",6,3000,1,"class_sampled","mean_absolute_prediction_change",20,0,0,0,0,0
